STATION,YEAR,BOARDS,ALIGHTS
Stony Island,2018,99,86
Bryn Mawr,2018,73,61
South Shore,2018,121,111
Windsor Park,2018,68,55
Cheltenham (79th Street),2018,47,37
83rd Street,2018,74,74
87th Street,2018,106,97
93rd Street (South Chicago),2018,472,512
State Street,2018,41,33
Stewart Ridge,2018,19,20
West Pullman,2018,13,9
Racine Avenue,2018,28,24
Ashland Avenue,2018,97,98
Burr Oak,2018,89,100
Blue Island,2018,197,136
Millennium Station,2018,9292,8755
Van Buren Street,2018,2734,3493
Roosevelt Road,2018,370,477
18th Street,2018,23,30
McCormick Place,2018,124,145
27th Street,2018,12,14
47th Street (Kenwood),2018,94,109
53rd Street (Hyde Park),2018,671,728
55th-56th-57th Street,2018,1133,1022
59th Street (University of Chicago),2018,812,934
63rd Street,2018,167,165
75th Street (Grand Crossing),2018,14,20
79th Street (Chatham),2018,50,58
83rd Street (Avalon Park),2018,56,62
87th Street (Woodruff),2018,56,51
91st Street (Chesterfield),2018,23,32
95th Street (Chicago State University),2018,24,24
103rd Street (Rosemoor),2018,36,34
107th Street,2018,27,23
111th Street,2018,31,49
Kensington (115th Street),2018,1136,1043
Riverdale,2018,146,162
Ivanhoe,2018,520,514
147th Street (Sibley Boulevard),2018,829,757
Harvey,2018,471,496
Hazel Crest,2018,261,238
Calumet,2018,1077,1060
Homewood,2018,1171,1143
Flossmoor,2018,859,787
Olympia Fields,2018,679,695
211th Street (Lincoln Highway),2018,527,565
Matteson,2018,591,597
Richton Park,2018,1059,915
University Park,2018,808,777
LaSalle Street,2018,12606,12739
Gresham,2018,313,312
Longwood (95th Street),2018,3,58
Washington Heights,2018,101,123
Blue Island (Vermont Street),2018,479,549
Robbins,2018,65,137
Midlothian,2018,938,890
Oak Forest,2018,1091,996
Tinley Park,2018,917,954
80th Avenue (Tinley Park),2018,2064,1982
Hickory Creek,2018,1079,996
Mokena,2018,559,557
New Lenox,2018,1046,1035
Joliet,2018,776,783
Brainerd,2018,265,258
91st Street (Beverly Hills),2018,368,391
95th Street (Beverly Hills),2018,443,443
99th Street (Beverly Hills),2018,645,644
103rd Street (Beverly Hills),2018,734,731
107th Street (Beverly Hills),2018,395,368
111th Street (Morgan Park),2018,548,497
115th Street (Morgan Park),2018,136,130
119th Street,2018,269,264
123rd Street,2018,53,36
Prairie Street,2018,30,24
Union Station,2018,54882,55979
Wrightwood,2018,261,260
Ashburn,2018,229,200
Oak Lawn,2018,1186,1248
Chicago Ridge,2018,372,322
Worth,2018,406,382
Palos Heights,2018,232,241
Palos Park,2018,424,423
143rd Street (Orland Park),2018,591,552
153rd Street (Orland Park),2018,544,567
179th Street (Orland Park),2018,208,177
Laraway Road,2018,19,20
Manhattan,2018,19,18
Summit,2018,101,103
Willow Springs,2018,148,159
Lemont,2018,455,434
Romeoville,2018,148,144
Lockport,2018,344,327
Halsted Street,2018,115,107
Western Avenue (18th),2018,57,73
Cicero,2018,136,183
LaVergne,2018,174,184
Berwyn,2018,669,646
Harlem Avenue,2018,451,383
Riverside,2018,493,574
Hollywood,2018,120,104
Brookfield,2018,546,656
Congress Park,2018,368,340
LaGrange Road,2018,1452,1532
Stone Avenue (LaGrange),2018,946,822
Western Springs,2018,1134,1190
Highlands,2018,202,177
Hinsdale,2018,1155,1082
West Hinsdale,2018,306,306
Clarendon Hills,2018,799,791
Westmont,2018,1083,960
Fairview Avenue (Downers Grove),2018,415,413
Main Street (Downers Grove),2018,2492,2562
Belmont,2018,1408,1403
Lisle,2018,1895,1727
Naperville,2018,4015,3726
Route 59,2018,6339,6103
Aurora,2018,1856,1788
Kedzie,2018,41,76
Oak Park (Marion Street),2018,991,1106
River Forest,2018,448,441
Maywood,2018,87,69
Melrose Park,2018,86,107
Bellwood,2018,145,152
Berkeley,2018,145,158
Elmhurst,2018,2540,2347
Villa Park,2018,870,852
Lombard,2018,1502,1472
Glen Ellyn,2018,1929,1738
College Avenue,2018,1059,1009
Wheaton,2018,1618,1538
Winfield,2018,496,536
West Chicago,2018,586,589
Geneva,2018,1742,1681
La Fox,2018,295,227
Elburn,2018,336,278
Western Avenue (Grand),2018,836,846
Grand / Cicero,2018,80,92
Hanson Park,2018,58,60
Galewood,2018,246,265
Mars,2018,144,117
Mont Clare,2018,303,311
Elmwood Park,2018,388,449
River Grove,2018,333,282
Franklin Park,2018,392,403
Mannheim,2018,35,47
Bensenville,2018,414,406
Wood Dale,2018,596,585
Itasca,2018,555,569
Medinah,2018,439,455
Roselle,2018,1448,1369
Schaumburg,2018,1583,1563
Hanover Park,2018,1238,1200
Bartlett,2018,988,1007
National Street,2018,584,581
Elgin,2018,411,422
Big Timber Road,2018,699,664
Ogilvie Transportation Center,2018,42500,43796
Clybourn,2018,839,902
Irving Park,2018,439,662
Jefferson Park,2018,510,688
Gladstone Park,2018,180,200
Norwood Park,2018,365,374
Edison Park,2018,752,690
Park Ridge,2018,1168,1185
Dee Road,2018,594,552
Des Plaines,2018,1209,1194
Cumberland,2018,442,427
Mount Prospect,2018,1879,1782
Arlington Heights,2018,2506,2537
Arlington Park,2018,1738,1661
Palatine,2018,2482,2367
Barrington,2018,1725,1732
Fox River Grove,2018,462,413
Cary,2018,883,897
Pingree Rd.,2018,707,718
Crystal Lake,2018,1138,1071
Woodstock,2018,273,286
Harvard,2018,265,236
McHenry,2018,85,91
Healy,2018,323,361
Grayland,2018,357,324
Mayfair,2018,281,307
Forest Glen,2018,376,363
Edgebrook,2018,701,571
Morton Grove,2018,967,946
Golf,2018,355,278
Glenview,2018,1462,1459
North Glenview,2018,1163,1124
Northbrook,2018,1259,1271
Lake Cook Road,2018,1086,1193
Deerfield,2018,1133,1176
Lake Forest (West),2018,607,682
Libertyville,2018,801,753
Prairie Crossing,2018,368,397
Grayslake,2018,470,518
Round Lake,2018,395,406
Long Lake,2018,93,104
Ingleside,2018,63,68
Fox Lake,2018,322,299
Belmont Ave. (Franklin Park),2018,24,32
Schiller Park,2018,41,48
Rosemont,2018,27,28
O'Hare Transfer,2018,113,128
Prospect Heights,2018,304,272
Wheeling,2018,348,332
Buffalo Grove,2018,695,637
Prairie View,2018,415,437
Vernon Hills,2018,409,365
Mundelein,2018,276,294
Prairie Crossing (Libertyville),2018,87,113
Washington St. (Grayslake),2018,86,84
Round Lake Beach,2018,111,91
Lake Villa,2018,130,120
Antioch,2018,192,189
Ravenswood,2018,2630,2545
Rogers Park,2018,1393,1261
Main Street (Evanston),2018,1130,1023
Davis Street (Evanston),2018,1876,1980
Central Street (Evanston),2018,1346,1297
Wilmette,2018,1653,1560
Kenilworth,2018,501,511
Indian Hill,2018,387,376
Winnetka,2018,754,761
Hubbard Woods,2018,396,321
Glencoe,2018,732,633
Braeside,2018,410,379
Ravinia,2018,326,249
Highland Park,2018,1005,971
Highwood,2018,242,224
Fort Sheridan,2018,259,247
Lake Forest,2018,747,719
Lake Bluff,2018,647,641
Great Lakes,2018,262,221
North Chicago,2018,170,177
Waukegan,2018,764,737
Zion,2018,110,102
Winthrop Harbor,2018,59,73
Kenosha,2018,345,327
"35th St. / ""Lou Jones""",2018,245,316
Blue Island (Vermont Street.),2018,116,128
Joliet,2018,220,174
Clybourn,2018,835,864
Stony Island,2016,109,141
Bryn Mawr,2016,112,93
South Shore,2016,182,142
Windsor Park,2016,95,76
Cheltenham (79th Street),2016,55,67
83rd Street,2016,103,97
87th Street,2016,90,113
93rd Street (South Chicago),2016,619,631
State Street,2016,30,32
Stewart Ridge,2016,36,28
West Pullman,2016,22,19
Racine Avenue,2016,31,37
Ashland Avenue,2016,111,96
Burr Oak,2016,117,91
Blue Island,2016,181,133
Millennium Station,2016,9798,9310
Van Buren Street,2016,3141,3893
Roosevelt Road,2016,484,628
18th Street,2016,42,66
McCormick Place,2016,108,115
27th Street,2016,30,33
47th Street (Kenwood),2016,82,170
53rd Street (Hyde Park),2016,642,630
55th-56th-57th Street,2016,1542,1216
59th Street (University of Chicago),2016,674,836
63rd Street,2016,299,271
75th Street (Grand Crossing),2016,28,35
79th Street (Chatham),2016,59,51
83rd Street (Avalon Park),2016,40,55
87th Street (Woodruff),2016,41,42
91st Street (Chesterfield),2016,27,22
95th Street (Chicago State University),2016,26,41
103rd Street (Rosemoor),2016,37,42
107th Street,2016,19,27
111th Street,2016,24,38
Kensington (115th Street),2016,1120,1016
Riverdale,2016,180,195
Ivanhoe,2016,628,591
147th Street (Sibley Boulevard),2016,984,945
Harvey,2016,542,573
Hazel Crest,2016,412,387
Calumet,2016,989,1089
Homewood,2016,1308,1237
Flossmoor,2016,824,758
Olympia Fields,2016,643,665
211th Street (Lincoln Highway),2016,727,789
Matteson,2016,507,450
Richton Park,2016,1179,1146
University Park,2016,907,828
LaSalle Street,2016,12656,13020
Gresham,2016,318,473
Longwood (95th Street),2016,60,49
Washington Heights,2016,107,137
Blue Island (Vermont Street),2016,575,610
Robbins,2016,89,122
Midlothian,2016,1015,1039
Oak Forest,2016,1136,967
Tinley Park,2016,1060,959
80th Avenue (Tinley Park),2016,2050,1936
Hickory Creek,2016,999,923
Mokena,2016,604,577
New Lenox,2016,1115,954
Joliet,2016,768,734
Brainerd,2016,303,294
91st Street (Beverly Hills),2016,364,383
95th Street (Beverly Hills),2016,423,420
99th Street (Beverly Hills),2016,725,681
103rd Street (Beverly Hills),2016,759,754
107th Street (Beverly Hills),2016,451,465
111th Street (Morgan Park),2016,587,545
115th Street (Morgan Park),2016,170,167
119th Street,2016,279,264
123rd Street,2016,45,52
Prairie Street,2016,20,37
Union Station,2016,55494,55565
Wrightwood,2016,226,227
Ashburn,2016,218,239
Oak Lawn,2016,1329,1329
Chicago Ridge,2016,339,355
Worth,2016,419,431
Palos Heights,2016,238,230
Palos Park,2016,432,430
143rd Street (Orland Park),2016,548,529
153rd Street (Orland Park),2016,604,591
179th Street (Orland Park),2016,201,183
Laraway Road,2016,24,27
Manhattan,2016,22,18
Summit,2016,100,104
Willow Springs,2016,115,125
Lemont,2016,489,434
Lockport,2016,412,385
Halsted Street,2016,120,97
Western Avenue (18th),2016,69,77
Cicero,2016,185,235
LaVergne,2016,187,203
Berwyn,2016,632,682
Harlem Avenue,2016,421,377
Riverside,2016,499,574
Hollywood,2016,120,191
Brookfield,2016,572,624
Congress Park,2016,290,269
LaGrange Road,2016,1340,1452
Stone Avenue (LaGrange),2016,1046,864
Western Springs,2016,1133,1118
Highlands,2016,203,207
Hinsdale,2016,1160,1110
West Hinsdale,2016,376,304
Clarendon Hills,2016,806,829
Westmont,2016,1058,1096
Fairview Avenue (Downers Grove),2016,458,432
Main Street (Downers Grove),2016,2376,2518
Belmont,2016,1472,1366
Lisle,2016,1789,1908
Naperville,2016,4107,4209
Route 59,2016,5781,5547
Aurora,2016,1936,1920
Kedzie,2016,52,66
Oak Park (Marion Street),2016,905,1148
River Forest,2016,438,532
Maywood,2016,82,70
Melrose Park,2016,87,105
Bellwood,2016,148,160
Berkeley,2016,140,188
Elmhurst,2016,2344,2275
Villa Park,2016,828,825
Lombard,2016,1343,1391
Glen Ellyn,2016,1734,1841
College Avenue,2016,918,891
Wheaton,2016,1577,1700
Winfield,2016,507,548
West Chicago,2016,527,556
Geneva,2016,1708,1838
La Fox,2016,276,268
Elburn,2016,307,329
Western Avenue (Grand),2016,824,1279
Grand / Cicero,2016,96,101
Hanson Park,2016,60,66
Galewood,2016,279,258
Mars,2016,142,110
Mont Clare,2016,335,351
Elmwood Park,2016,405,411
River Grove,2016,316,287
Franklin Park,2016,458,470
Mannheim,2016,31,23
Bensenville,2016,357,372
Wood Dale,2016,624,550
Itasca,2016,601,602
Medinah,2016,573,507
Roselle,2016,1455,1409
Schaumburg,2016,1727,1735
Hanover Park,2016,1486,1442
Bartlett,2016,1071,1086
National Street,2016,642,674
Elgin,2016,436,503
Big Timber Road,2016,789,714
Ogilvie Transportation Center,2016,42412,42120
Clybourn,2016,857,951
Irving Park,2016,443,482
Jefferson Park,2016,656,673
Gladstone Park,2016,195,234
Norwood Park,2016,359,311
Edison Park,2016,694,694
Park Ridge,2016,1043,1066
Dee Road,2016,515,462
Des Plaines,2016,1142,1201
Cumberland,2016,455,418
Mount Prospect,2016,1816,1883
Arlington Heights,2016,2578,2409
Arlington Park,2016,1697,1659
Palatine,2016,2378,2364
Barrington,2016,1738,1681
Fox River Grove,2016,451,449
Cary,2016,941,893
Pingree Rd.,2016,751,760
Crystal Lake,2016,1199,1170
Woodstock,2016,317,308
Harvard,2016,221,234
McHenry,2016,96,80
Healy,2016,345,370
Grayland,2016,339,330
Mayfair,2016,284,292
Forest Glen,2016,343,355
Edgebrook,2016,609,571
Morton Grove,2016,969,996
Golf,2016,375,308
Glenview,2016,1439,1374
North Glenview,2016,1070,1113
Northbrook,2016,1392,1270
Lake Cook Road,2016,1271,1350
Deerfield,2016,1282,1136
Lake Forest (West),2016,548,589
Libertyville,2016,825,825
Prairie Crossing,2016,422,436
Grayslake,2016,494,474
Round Lake,2016,417,337
Long Lake,2016,96,84
Ingleside,2016,74,92
Fox Lake,2016,356,336
Belmont Ave. (Franklin Park),2016,32,34
Schiller Park,2016,36,31
Rosemont,2016,35,33
O'Hare Transfer,2016,123,158
Prospect Heights,2016,266,282
Wheeling,2016,353,398
Buffalo Grove,2016,590,555
Prairie View,2016,388,376
Vernon Hills,2016,370,384
Mundelein,2016,277,265
Prairie Crossing (Libertyville),2016,102,108
Washington St. (Grayslake),2016,110,95
Round Lake Beach,2016,115,111
Lake Villa,2016,148,129
Antioch,2016,184,201
Ravenswood,2016,2721,2752
Rogers Park,2016,1389,1220
Main Street (Evanston),2016,1133,1129
Davis Street (Evanston),2016,1939,2134
Central Street (Evanston),2016,1428,1303
Wilmette,2016,1614,1506
Kenilworth,2016,500,463
Indian Hill,2016,382,373
Winnetka,2016,737,741
Hubbard Woods,2016,374,311
Glencoe,2016,715,669
Braeside,2016,442,421
Ravinia,2016,295,305
Highland Park,2016,978,985
Highwood,2016,293,283
Fort Sheridan,2016,274,284
Lake Forest,2016,717,703
Lake Bluff,2016,681,664
Great Lakes,2016,293,260
North Chicago,2016,170,188
Waukegan,2016,911,796
Zion,2016,124,122
Winthrop Harbor,2016,61,68
Kenosha,2016,276,307
"35th St. / ""Lou Jones""",2016,227,334
Blue Island (Vermont Street.),2016,113,122
Joliet,2016,209,182
Clybourn,2016,974,1076
Stony Island,2014,161,135
Bryn Mawr,2014,88,109
South Shore,2014,179,164
Windsor Park,2014,100,91
Cheltenham (79th Street),2014,79,66
83rd Street,2014,113,123
87th Street,2014,117,120
93rd Street (South Chicago),2014,652,714
State Street,2014,54,46
Stewart Ridge,2014,37,38
West Pullman,2014,21,32
Racine Avenue,2014,33,27
Ashland Avenue,2014,98,72
Burr Oak,2014,124,108
Blue Island,2014,169,139
Millennium Station,2014,10353,9599
Van Buren Street,2014,3422,4268
Roosevelt Road,2014,429,571
18th Street,2014,41,28
McCormick Place,2014,92,85
27th Street,2014,46,64
47th Street (Kenwood),2014,94,144
53rd Street (Hyde Park),2014,496,497
55th-56th-57th Street,2014,1677,1425
59th Street (University of Chicago),2014,484,700
63rd Street,2014,154,170
75th Street (Grand Crossing),2014,15,30
79th Street (Chatham),2014,57,77
83rd Street (Avalon Park),2014,50,53
87th Street (Woodruff),2014,56,69
91st Street (Chesterfield),2014,26,38
95th Street (Chicago State University),2014,43,47
103rd Street (Rosemoor),2014,43,60
107th Street,2014,31,38
111th Street,2014,19,34
Kensington (115th Street),2014,1081,1061
Riverdale,2014,201,215
Ivanhoe,2014,697,663
147th Street (Sibley Boulevard),2014,1060,984
Harvey,2014,640,744
Hazel Crest,2014,379,389
Calumet,2014,1187,1124
Homewood,2014,1244,1316
Flossmoor,2014,830,788
Olympia Fields,2014,665,614
211th Street (Lincoln Highway),2014,855,855
Matteson,2014,592,549
Richton Park,2014,1315,1172
University Park,2014,939,935
LaSalle Street,2014,13239,13203
Gresham,2014,395,415
Longwood (95th Street),2014,85,129
Washington Heights,2014,168,161
Blue Island (Vermont Street),2014,521,497
Robbins,2014,77,89
Midlothian,2014,950,964
Oak Forest,2014,1141,1151
Tinley Park,2014,983,1042
80th Avenue (Tinley Park),2014,1932,1929
Hickory Creek,2014,992,930
Mokena,2014,572,539
New Lenox,2014,1146,1100
Joliet,2014,866,954
Brainerd,2014,322,295
91st Street (Beverly Hills),2014,359,367
95th Street (Beverly Hills),2014,527,486
99th Street (Beverly Hills),2014,621,587
103rd Street (Beverly Hills),2014,767,806
107th Street (Beverly Hills),2014,413,395
111th Street (Morgan Park),2014,601,558
115th Street (Morgan Park),2014,173,173
119th Street,2014,327,292
123rd Street,2014,53,49
Prairie Street,2014,46,34
Union Station,2014,54422,55098
Wrightwood,2014,294,295
Ashburn,2014,255,271
Oak Lawn,2014,1246,1266
Chicago Ridge,2014,332,364
Worth,2014,430,435
Palos Heights,2014,254,246
Palos Park,2014,418,435
143rd Street (Orland Park),2014,493,491
153rd Street (Orland Park),2014,621,609
179th Street (Orland Park),2014,190,199
Laraway Road,2014,27,11
Manhattan,2014,29,23
Summit,2014,86,78
Willow Springs,2014,95,106
Lemont,2014,456,443
Lockport,2014,352,377
Halsted Street,2014,92,82
Western Avenue (18th),2014,78,108
Cicero,2014,196,203
LaVergne,2014,191,196
Berwyn,2014,732,704
Harlem Avenue,2014,497,436
Riverside,2014,501,608
Hollywood,2014,95,108
Brookfield,2014,607,645
Congress Park,2014,250,225
LaGrange Road,2014,1468,1452
Stone Avenue (LaGrange),2014,1026,905
Western Springs,2014,1113,1107
Highlands,2014,167,197
Hinsdale,2014,1168,1135
West Hinsdale,2014,351,281
Clarendon Hills,2014,808,740
Westmont,2014,1070,1107
Fairview Avenue (Downers Grove),2014,425,378
Main Street (Downers Grove),2014,2473,2678
Belmont,2014,1325,1348
Lisle,2014,1993,2021
Naperville,2014,4002,4099
Route 59,2014,5874,5363
Aurora,2014,2107,1972
Kedzie,2014,56,101
Oak Park (Marion Street),2014,1129,1213
River Forest,2014,434,366
Maywood,2014,81,82
Melrose Park,2014,103,121
Bellwood,2014,165,159
Berkeley,2014,161,155
Elmhurst,2014,2313,2187
Villa Park,2014,841,898
Lombard,2014,1321,1331
Glen Ellyn,2014,1765,1724
College Avenue,2014,1057,1048
Wheaton,2014,1506,1538
Winfield,2014,517,542
West Chicago,2014,576,583
Geneva,2014,1732,1713
La Fox,2014,313,315
Elburn,2014,345,343
Western Avenue (Grand),2014,851,888
Grand / Cicero,2014,106,118
Hanson Park,2014,46,52
Galewood,2014,260,276
Mars,2014,115,104
Mont Clare,2014,291,322
Elmwood Park,2014,396,396
River Grove,2014,310,298
Franklin Park,2014,399,431
Mannheim,2014,30,12
Bensenville,2014,433,437
Wood Dale,2014,608,564
Itasca,2014,564,520
Medinah,2014,520,476
Roselle,2014,1277,1361
Schaumburg,2014,1737,1771
Hanover Park,2014,1414,1420
Bartlett,2014,1081,1062
National Street,2014,700,657
Elgin,2014,461,491
Big Timber Road,2014,782,737
Ogilvie Transportation Center,2014,39552,40254
Clybourn,2014,1599,1577
Irving Park,2014,474,479
Jefferson Park,2014,599,675
Gladstone Park,2014,169,184
Norwood Park,2014,350,346
Edison Park,2014,646,657
Park Ridge,2014,954,933
Dee Road,2014,570,522
Des Plaines,2014,1221,1203
Cumberland,2014,431,414
Mount Prospect,2014,1774,1743
Arlington Heights,2014,2349,2291
Arlington Park,2014,1672,1626
Palatine,2014,2334,2307
Barrington,2014,1717,1716
Fox River Grove,2014,410,411
Cary,2014,873,869
Pingree Rd.,2014,744,697
Crystal Lake,2014,1238,1263
Woodstock,2014,437,381
Harvard,2014,275,208
McHenry,2014,114,103
Healy,2014,322,309
Grayland,2014,314,330
Mayfair,2014,340,346
Forest Glen,2014,351,360
Edgebrook,2014,504,575
Morton Grove,2014,1054,978
Golf,2014,201,200
Glenview,2014,1444,1388
North Glenview,2014,1097,1120
Northbrook,2014,1334,1273
Lake Cook Road,2014,1263,1288
Deerfield,2014,1247,1025
Lake Forest (West),2014,570,623
Libertyville,2014,826,881
Prairie Crossing,2014,451,468
Grayslake,2014,509,514
Round Lake,2014,513,471
Long Lake,2014,105,90
Ingleside,2014,89,90
Fox Lake,2014,442,392
Belmont Ave. (Franklin Park),2014,29,36
Schiller Park,2014,29,33
Rosemont,2014,33,36
O'Hare Transfer,2014,144,171
Prospect Heights,2014,277,302
Wheeling,2014,333,334
Buffalo Grove,2014,621,618
Prairie View,2014,345,362
Vernon Hills,2014,435,436
Mundelein,2014,304,290
Prairie Crossing (Libertyville),2014,125,138
Washington St. (Grayslake),2014,122,108
Round Lake Beach,2014,157,155
Lake Villa,2014,176,166
Antioch,2014,227,232
Ravenswood,2014,2363,2089
Rogers Park,2014,1498,1273
Main Street (Evanston),2014,1093,1143
Davis Street (Evanston),2014,2070,2060
Central Street (Evanston),2014,1197,1169
Wilmette,2014,1120,1172
Kenilworth,2014,305,269
Indian Hill,2014,201,171
Winnetka,2014,485,598
Hubbard Woods,2014,245,216
Glencoe,2014,457,475
Braeside,2014,373,378
Ravinia,2014,238,212
Highland Park,2014,875,891
Highwood,2014,314,254
Fort Sheridan,2014,266,263
Lake Forest,2014,727,734
Lake Bluff,2014,626,661
Great Lakes,2014,264,266
North Chicago,2014,232,218
Waukegan,2014,910,926
Zion,2014,155,155
Winthrop Harbor,2014,70,73
Kenosha,2014,358,415
67th St.,2014,0,0
"35th St. / ""Lou Jones""",2014,249,266
Blue Island (Vermont Street.),2014,124,186
Joliet,2014,244,191
Stony Island,2006,197,213
Bryn Mawr,2006,184,170
South Shore,2006,278,255
Windsor Park,2006,192,167
Cheltenham (79th Street),2006,114,110
83rd Street,2006,217,213
87th Street,2006,189,165
93rd Street (South Chicago),2006,974,1053
Hegewisch,2006,1449,1546
State Street,2006,85,84
Stewart Ridge,2006,61,55
West Pullman,2006,24,36
Racine Avenue,2006,53,76
Ashland Avenue,2006,165,156
Burr Oak,2006,156,122
Blue Island,2006,324,256
Millennium Station,2006,18247,16320
Van Buren Street,2006,6110,8247
Roosevelt Road,2006,583,916
18th Street,2006,29,27
McCormick Place,2006,137,149
27th Street,2006,105,161
47th Street (Kenwood),2006,113,138
53rd Street (Hyde Park),2006,571,584
55th-56th-57th Street,2006,1591,1228
59th Street (University of Chicago),2006,667,777
63rd Street,2006,270,226
75th Street (Grand Crossing),2006,52,64
79th Street (Chatham),2006,119,142
83rd Street (Avalon Park),2006,103,89
87th Street (Woodruff),2006,64,67
91st Street (Chesterfield),2006,66,48
95th Street (Chicago State University),2006,49,55
103rd Street (Rosemoor),2006,70,75
107th Street,2006,34,39
111th Street,2006,27,37
Kensington (115th Street),2006,1628,1557
Riverdale,2006,397,394
Ivanhoe,2006,945,952
147th Street (Sibley Boulevard),2006,1255,1216
Harvey,2006,937,955
Hazel Crest,2006,518,479
Calumet,2006,1363,1342
Homewood,2006,1456,1494
Flossmoor,2006,1002,986
Olympia Fields,2006,473,452
211th Street (Lincoln Highway),2006,1149,1166
Matteson,2006,879,849
Richton Park,2006,1625,1686
University Park,2006,1243,1217
LaSalle Street,2006,17026,17138
Gresham,2006,537,574
Longwood (95th Street),2006,147,139
Blue Island (Vermont Street),2006,1148,990
Robbins,2006,152,167
Midlothian,2006,1230,1302
Oak Forest,2006,1487,1390
Tinley Park,2006,1232,1230
80th Avenue (Tinley Park),2006,2459,2322
Hickory Creek,2006,1236,1272
Mokena,2006,634,647
New Lenox,2006,1348,1321
Joliet,2006,1353,1322
Brainerd,2006,448,467
91st Street (Beverly Hills),2006,437,467
95th Street (Beverly Hills),2006,604,641
99th Street (Beverly Hills),2006,679,741
103rd Street (Beverly Hills),2006,1150,1210
107th Street (Beverly Hills),2006,617,603
111th Street (Morgan Park),2006,820,736
115th Street (Morgan Park),2006,279,213
119th Street,2006,326,320
123rd Street,2006,96,60
Prairie Street,2006,44,45
Union Station,2006,54388,54292
Wrightwood,2006,296,283
Ashburn,2006,321,342
Oak Lawn,2006,1157,1121
Chicago Ridge,2006,406,376
Worth,2006,445,451
Palos Heights,2006,281,263
Palos Park,2006,387,364
143rd Street (Orland Park),2006,234,234
153rd Street (Orland Park),2006,715,676
179th Street (Orland Park),2006,209,232
Laraway Road,2006,11,12
Manhattan,2006,22,27
Summit,2006,64,80
Willow Springs,2006,97,111
Lemont,2006,381,386
Lockport,2006,552,509
Halsted Street,2006,70,57
Western Avenue (18th),2006,110,117
Cicero,2006,246,281
LaVergne,2006,159,160
Berwyn,2006,718,751
Harlem Avenue,2006,530,470
Riverside,2006,416,574
Hollywood,2006,133,91
Brookfield,2006,604,721
Congress Park,2006,176,100
LaGrange Road,2006,1352,1444
Stone Avenue (LaGrange),2006,988,866
Western Springs,2006,1093,1062
Highlands,2006,176,186
Hinsdale,2006,1065,1001
West Hinsdale,2006,323,272
Clarendon Hills,2006,799,822
Westmont,2006,1168,1182
Fairview Avenue (Downers Grove),2006,403,414
Main Street (Downers Grove),2006,2328,2372
Belmont,2006,1414,1440
Lisle,2006,2472,2329
Naperville,2006,4112,4065
Route 59,2006,5793,6094
Aurora,2006,2180,2066
Kedzie,2006,22,42
Oak Park (Marion Street),2006,1025,1082
River Forest,2006,367,363
Maywood,2006,97,93
Melrose Park,2006,100,95
Bellwood,2006,215,207
Berkeley,2006,176,197
Elmhurst,2006,1833,1856
Villa Park,2006,835,831
Lombard,2006,1281,1322
Glen Ellyn,2006,1537,1487
College Avenue,2006,952,962
Wheaton,2006,1661,1608
Winfield,2006,503,515
West Chicago,2006,588,588
Geneva,2006,1562,1517
La Fox,2006,261,273
Elburn,2006,255,258
Western Avenue (Grand),2006,842,1355
Hanson Park,2006,54,51
Galewood,2006,265,287
Mars,2006,110,102
Mont Clare,2006,361,376
Elmwood Park,2006,392,426
River Grove,2006,298,288
Franklin Park,2006,461,507
Mannheim,2006,37,17
Bensenville,2006,450,407
Wood Dale,2006,639,635
Itasca,2006,546,518
Medinah,2006,501,464
Roselle,2006,1500,1484
Schaumburg,2006,1698,1663
Hanover Park,2006,1482,1416
Bartlett,2006,1064,1084
National Street,2006,742,746
Elgin,2006,476,499
Big Timber Road,2006,803,698
Ogilvie Transportation Center,2006,37564,37783
Clybourn,2006,1466,1610
Irving Park,2006,495,527
Jefferson Park,2006,786,751
Gladstone Park,2006,103,80
Norwood Park,2006,289,332
Edison Park,2006,536,549
Park Ridge,2006,897,854
Dee Road,2006,446,405
Des Plaines,2006,1085,1062
Cumberland,2006,393,424
Mount Prospect,2006,1590,1569
Arlington Heights,2006,2317,2321
Arlington Park,2006,1614,1634
Palatine,2006,2105,2035
Barrington,2006,1724,1799
Fox River Grove,2006,422,417
Cary,2006,988,940
Pingree Rd.,2006,581,601
Crystal Lake,2006,1370,1399
Woodstock,2006,456,424
Harvard,2006,274,280
McHenry,2006,101,94
Healy,2006,342,342
Grayland,2006,318,315
Mayfair,2006,317,340
Forest Glen,2006,331,333
Edgebrook,2006,544,616
Morton Grove,2006,966,965
Golf,2006,315,286
Glenview,2006,1611,1510
North Glenview,2006,770,813
Northbrook,2006,1323,1262
Lake Cook Road,2006,1406,1506
Deerfield,2006,1315,1183
Lake Forest (West),2006,578,616
Libertyville,2006,1169,1131
Prairie Crossing,2006,344,363
Grayslake,2006,772,798
Round Lake,2006,710,660
Long Lake,2006,133,123
Ingleside,2006,150,140
Fox Lake,2006,632,628
Belmont Ave. (Franklin Park),2006,25,37
Schiller Park,2006,29,22
Rosemont,2006,23,32
O'Hare Transfer,2006,106,141
Prospect Heights,2006,245,266
Wheeling,2006,306,303
Buffalo Grove,2006,545,560
Prairie View,2006,299,258
Vernon Hills,2006,353,335
Mundelein,2006,283,261
Prairie Crossing (Libertyville),2006,117,85
Washington St. (Grayslake),2006,109,112
Round Lake Beach,2006,154,147
Lake Villa,2006,150,141
Antioch,2006,262,261
Ravenswood,2006,1940,1811
Rogers Park,2006,1176,1122
Main Street (Evanston),2006,869,873
Davis Street (Evanston),2006,1854,1937
Central Street (Evanston),2006,1234,1199
Wilmette,2006,1379,1360
Kenilworth,2006,408,392
Indian Hill,2006,362,386
Winnetka,2006,562,612
Hubbard Woods,2006,371,337
Glencoe,2006,708,681
Braeside,2006,341,327
Ravinia,2006,332,319
Highland Park,2006,1118,1087
Highwood,2006,279,263
Fort Sheridan,2006,279,289
Lake Forest,2006,725,690
Lake Bluff,2006,519,502
Great Lakes,2006,306,300
North Chicago,2006,191,177
Waukegan,2006,1030,1014
Zion,2006,152,157
Winthrop Harbor,2006,79,85
Kenosha,2006,431,411
Hammond,2006,1307,1194
East Chicago,2006,1848,1799
Gary / Chicago Airport,2006,146,151
Gary Metro Center,2006,632,654
Miller,2006,520,463
Ogden Dunes,2006,217,249
Dune Park,2006,485,516
Beverly Shores,2006,58,37
11th Street (Michigan City),2006,129,112
Carroll Avenue (Michigan City),2006,184,210
Hudson Lake,2006,5,9
South Bend Airport,2006,172,163
Clyde,2006,64,68
Hermosa,2006,35,38
Cragin,2006,37,33
Stony Island,2002,236,229
Bryn Mawr,2002,225,225
South Shore,2002,428,431
Windsor Park,2002,313,293
Cheltenham (79th Street),2002,174,174
83rd Street,2002,405,421
87th Street,2002,245,274
93rd Street (South Chicago),2002,1108,1090
Hegewisch,2002,1526,1545
State Street,2002,72,67
Stewart Ridge,2002,75,56
West Pullman,2002,34,33
Racine Avenue,2002,43,41
Ashland Avenue,2002,137,123
Burr Oak,2002,179,162
Blue Island,2002,237,222
Millennium Station,2002,17896,16077
Van Buren Street,2002,6896,8583
Roosevelt Road,2002,413,668
18th Street,2002,16,43
McCormick Place,2002,118,125
27th Street,2002,97,138
47th Street (Kenwood),2002,72,80
53rd Street (Hyde Park),2002,582,639
55th-56th-57th Street,2002,502,518
59th Street (University of Chicago),2002,1497,1479
63rd Street,2002,94,127
75th Street (Grand Crossing),2002,20,22
79th Street (Chatham),2002,120,132
83rd Street (Avalon Park),2002,95,94
87th Street (Woodruff),2002,48,55
91st Street (Chesterfield),2002,44,37
95th Street (Chicago State University),2002,43,51
103rd Street (Rosemoor),2002,82,80
107th Street,2002,28,31
111th Street,2002,22,22
Kensington (115th Street),2002,1352,1394
Riverdale,2002,500,495
Ivanhoe,2002,1153,1084
147th Street (Sibley Boulevard),2002,1349,1279
Harvey,2002,1125,1190
Hazel Crest,2002,608,618
Calumet,2002,1117,1100
Homewood,2002,1466,1401
Flossmoor,2002,1018,1030
Olympia Fields,2002,186,219
211th Street (Lincoln Highway),2002,1241,1262
Matteson,2002,922,935
Richton Park,2002,1579,1587
University Park,2002,1004,979
LaSalle Street,2002,16868,16821
Gresham,2002,599,612
Longwood (95th Street),2002,133,128
Washington Heights,2002,249,286
Blue Island (Vermont Street),2002,931,999
Robbins,2002,113,126
Midlothian,2002,1179,1217
Oak Forest,2002,1591,1569
Tinley Park,2002,1193,1217
80th Avenue (Tinley Park),2002,2297,2235
Hickory Creek,2002,1135,1125
Mokena,2002,728,681
New Lenox,2002,1076,1028
Joliet,2002,1028,993
Brainerd,2002,499,483
91st Street (Beverly Hills),2002,542,544
95th Street (Beverly Hills),2002,649,654
99th Street (Beverly Hills),2002,759,775
103rd Street (Beverly Hills),2002,977,986
107th Street (Beverly Hills),2002,668,645
111th Street (Morgan Park),2002,875,848
115th Street (Morgan Park),2002,269,265
119th Street,2002,405,375
123rd Street,2002,67,65
Prairie Street,2002,43,56
Union Station,2002,49883,50337
Wrightwood,2002,152,157
Ashburn,2002,353,354
Oak Lawn,2002,788,819
Chicago Ridge,2002,372,365
Worth,2002,450,399
Palos Park,2002,214,211
143rd Street (Orland Park),2002,241,228
153rd Street (Orland Park),2002,512,445
179th Street (Orland Park),2002,166,144
Summit,2002,79,82
Willow Springs,2002,142,106
Lemont,2002,407,386
Lockport,2002,303,323
Halsted Street,2002,41,35
Western Avenue (18th),2002,77,77
Cicero,2002,281,299
LaVergne,2002,201,185
Berwyn,2002,844,806
Harlem Avenue,2002,532,500
Riverside,2002,438,562
Hollywood,2002,129,100
Brookfield,2002,660,685
Congress Park,2002,118,76
LaGrange Road,2002,1353,1385
Stone Avenue (LaGrange),2002,999,894
Western Springs,2002,1065,1055
Highlands,2002,213,196
Hinsdale,2002,1047,1067
West Hinsdale,2002,317,262
Clarendon Hills,2002,885,878
Westmont,2002,1243,1236
Fairview Avenue (Downers Grove),2002,445,416
Main Street (Downers Grove),2002,2371,2282
Belmont,2002,1450,1431
Lisle,2002,2204,2171
Naperville,2002,3734,3784
Route 59,2002,5001,4976
Aurora,2002,1646,1577
Kedzie,2002,36,32
Oak Park (Marion Street),2002,960,1020
River Forest,2002,390,374
Maywood,2002,93,99
Melrose Park,2002,109,105
Bellwood,2002,221,221
Berkeley,2002,162,166
Elmhurst,2002,1785,1739
Villa Park,2002,914,896
Lombard,2002,1213,1206
Glen Ellyn,2002,1665,1629
College Avenue,2002,840,850
Wheaton,2002,1655,1661
Winfield,2002,449,461
West Chicago,2002,585,584
Geneva,2002,1698,1722
Western Avenue (Grand),2002,632,1154
Hanson Park,2002,53,61
Galewood,2002,324,335
Mars,2002,109,108
Mont Clare,2002,393,418
Elmwood Park,2002,405,436
River Grove,2002,336,332
Franklin Park,2002,506,516
Mannheim,2002,13,14
Bensenville,2002,458,456
Wood Dale,2002,551,568
Itasca,2002,518,535
Medinah,2002,399,417
Roselle,2002,1298,1325
Schaumburg,2002,1609,1634
Hanover Park,2002,1431,1413
Bartlett,2002,1027,985
National Street,2002,551,537
Elgin,2002,554,537
Big Timber Road,2002,581,560
Ogilvie Transportation Center,2002,36731,36827
Clybourn,2002,1020,1377
Irving Park,2002,451,405
Jefferson Park,2002,749,742
Gladstone Park,2002,124,131
Norwood Park,2002,269,262
Edison Park,2002,593,585
Park Ridge,2002,932,874
Dee Road,2002,388,385
Des Plaines,2002,991,1013
Cumberland,2002,393,385
Mount Prospect,2002,1655,1618
Arlington Heights,2002,2496,2448
Arlington Park,2002,1665,1691
Palatine,2002,1894,1874
Barrington,2002,1724,1735
Fox River Grove,2002,449,421
Cary,2002,1035,1020
Crystal Lake,2002,1579,1576
Woodstock,2002,415,410
Harvard,2002,259,263
McHenry,2002,140,122
Healy,2002,309,300
Grayland,2002,282,275
Mayfair,2002,254,265
Forest Glen,2002,332,305
Edgebrook,2002,624,607
Morton Grove,2002,943,900
Golf,2002,264,248
Glenview,2002,1390,1360
North Glenview,2002,448,424
Northbrook,2002,1349,1257
Lake Cook Road,2002,1154,1224
Deerfield,2002,1286,1162
Lake Forest (West),2002,576,572
Libertyville,2002,1119,1123
Grayslake,2002,871,869
Round Lake,2002,566,550
Long Lake,2002,102,97
Ingleside,2002,104,96
Fox Lake,2002,475,460
O'Hare Transfer,2002,55,74
Prospect Heights,2002,240,193
Wheeling,2002,235,228
Buffalo Grove,2002,547,520
Prairie View,2002,255,239
Vernon Hills,2002,284,256
Mundelein,2002,235,227
Prairie Crossing (Libertyville),2002,76,81
Round Lake Beach,2002,157,141
Lake Villa,2002,143,120
Antioch,2002,169,160
Ravenswood,2002,1455,1373
Rogers Park,2002,973,861
Main Street (Evanston),2002,769,739
Davis Street (Evanston),2002,1439,1507
Central Street (Evanston),2002,1276,1251
Wilmette,2002,1363,1338
Kenilworth,2002,435,414
Indian Hill,2002,368,358
Winnetka,2002,630,634
Hubbard Woods,2002,397,395
Glencoe,2002,724,708
Braeside,2002,340,329
Ravinia,2002,330,333
Highland Park,2002,1107,1123
Highwood,2002,311,286
Fort Sheridan,2002,285,279
Lake Forest,2002,726,720
Lake Bluff,2002,504,517
Great Lakes,2002,156,163
North Chicago,2002,190,208
Waukegan,2002,893,924
Zion,2002,103,107
Winthrop Harbor,2002,77,75
Kenosha,2002,341,348
Hammond,2002,1126,1124
East Chicago,2002,1441,1429
Gary / Chicago Airport,2002,209,177
Gary Metro Center,2002,537,518
Miller,2002,449,426
Ogden Dunes,2002,218,216
Dune Park,2002,429,440
Beverly Shores,2002,39,32
11th Street (Michigan City),2002,111,99
Carroll Avenue (Michigan City),2002,158,157
Hudson Lake,2002,5,5
South Bend Airport,2002,105,102
Clyde,2002,71,68
Hermosa,2002,50,53
Cragin,2002,29,36
Stony Island,1999,235,246
Bryn Mawr,1999,294,287
South Shore,1999,442,454
Windsor Park,1999,325,326
Cheltenham (79th Street),1999,232,248
83rd Street,1999,450,448
87th Street,1999,267,279
93rd Street (South Chicago),1999,960,971
Hegewisch,1999,1757,1619
State Street,1999,103,87
Stewart Ridge,1999,89,81
West Pullman,1999,69,57
Racine Avenue,1999,84,89
Ashland Avenue,1999,132,132
Burr Oak,1999,221,208
Blue Island,1999,264,259
Millennium Station,1999,18605,17045
Van Buren Street,1999,7710,9628
Roosevelt Road,1999,579,609
18th Street,1999,29,34
McCormick Place,1999,750,603
27th Street,1999,112,147
47th Street (Kenwood),1999,81,122
53rd Street (Hyde Park),1999,802,844
55th-56th-57th Street,1999,677,702
59th Street (University of Chicago),1999,1571,1494
63rd Street,1999,99,91
75th Street (Grand Crossing),1999,26,35
79th Street (Chatham),1999,134,156
83rd Street (Avalon Park),1999,102,96
87th Street (Woodruff),1999,93,90
91st Street (Chesterfield),1999,32,42
95th Street (Chicago State University),1999,77,67
103rd Street (Rosemoor),1999,67,81
107th Street,1999,46,49
111th Street,1999,45,58
Kensington (115th Street),1999,1399,1322
Riverdale,1999,580,548
Ivanhoe,1999,1201,1199
147th Street (Sibley Boulevard),1999,1411,1366
Harvey,1999,1172,1151
Hazel Crest,1999,697,720
Calumet,1999,1128,1101
Homewood,1999,1578,1617
Flossmoor,1999,1064,1033
Olympia Fields,1999,204,219
211th Street (Lincoln Highway),1999,1279,1279
Matteson,1999,975,945
Richton Park,1999,1665,1648
University Park,1999,1009,1017
LaSalle Street,1999,16336,16169
Gresham,1999,690,660
Longwood (95th Street),1999,140,131
Washington Heights,1999,220,241
Blue Island (Vermont Street),1999,954,975
Robbins,1999,94,96
Midlothian,1999,1144,1129
Oak Forest,1999,1672,1628
Tinley Park,1999,1247,1268
80th Avenue (Tinley Park),1999,1822,1856
Hickory Creek,1999,943,958
Mokena,1999,655,627
New Lenox,1999,897,905
Joliet,1999,830,801
Brainerd,1999,375,366
91st Street (Beverly Hills),1999,641,636
95th Street (Beverly Hills),1999,661,698
99th Street (Beverly Hills),1999,756,791
103rd Street (Beverly Hills),1999,969,964
107th Street (Beverly Hills),1999,628,621
111th Street (Morgan Park),1999,889,906
115th Street (Morgan Park),1999,265,234
119th Street,1999,375,391
123rd Street,1999,61,62
Prairie Street,1999,41,45
Union Station,1999,51221,52181
Wrightwood,1999,197,221
Ashburn,1999,312,322
Oak Lawn,1999,756,842
Chicago Ridge,1999,485,451
Worth,1999,557,565
Palos Park,1999,273,247
143rd Street (Orland Park),1999,315,272
153rd Street (Orland Park),1999,451,400
179th Street (Orland Park),1999,97,99
Summit,1999,66,76
Willow Springs,1999,82,86
Lemont,1999,341,329
Lockport,1999,201,202
Halsted Street,1999,14,26
Western Avenue (18th),1999,92,75
Cicero,1999,256,260
LaVergne,1999,229,235
Berwyn,1999,860,900
Harlem Avenue,1999,698,584
Riverside,1999,466,542
Hollywood,1999,144,133
Brookfield,1999,648,656
Congress Park,1999,86,77
LaGrange Road,1999,1496,1466
Stone Avenue (LaGrange),1999,1123,1032
Western Springs,1999,1179,1145
Highlands,1999,228,204
Hinsdale,1999,1156,1141
West Hinsdale,1999,378,338
Clarendon Hills,1999,957,947
Westmont,1999,1282,1224
Fairview Avenue (Downers Grove),1999,550,513
Main Street (Downers Grove),1999,2277,2234
Belmont,1999,1515,1495
Lisle,1999,2576,2528
Naperville,1999,4040,3857
Route 59,1999,4178,4071
Aurora,1999,1467,1387
Kedzie,1999,18,25
Oak Park (Marion Street),1999,1038,1133
River Forest,1999,406,411
Maywood,1999,84,89
Melrose Park,1999,149,147
Bellwood,1999,205,229
Berkeley,1999,194,185
Elmhurst,1999,1776,1762
Villa Park,1999,949,950
Lombard,1999,1269,1277
Glen Ellyn,1999,1889,1899
College Avenue,1999,981,985
Wheaton,1999,1865,1833
Winfield,1999,538,542
West Chicago,1999,499,505
Geneva,1999,1642,1657
Western Avenue (Grand),1999,631,1150
Hanson Park,1999,54,55
Galewood,1999,336,313
Mars,1999,128,111
Mont Clare,1999,440,434
Elmwood Park,1999,471,442
River Grove,1999,360,340
Franklin Park,1999,499,503
Mannheim,1999,39,42
Bensenville,1999,498,498
Wood Dale,1999,719,695
Itasca,1999,642,621
Medinah,1999,529,479
Roselle,1999,1617,1672
Schaumburg,1999,1733,1673
Hanover Park,1999,1506,1473
Bartlett,1999,1173,1136
National Street,1999,618,588
Elgin,1999,419,404
Big Timber Road,1999,482,473
Ogilvie Transportation Center,1999,39195,39106
Clybourn,1999,1010,1237
Irving Park,1999,408,390
Jefferson Park,1999,719,693
Gladstone Park,1999,129,145
Norwood Park,1999,329,298
Edison Park,1999,547,563
Park Ridge,1999,922,928
Dee Road,1999,438,430
Des Plaines,1999,1148,1123
Cumberland,1999,523,514
Mount Prospect,1999,1804,1793
Arlington Heights,1999,2579,2557
Arlington Park,1999,1904,1879
Palatine,1999,2091,2075
Barrington,1999,1745,1782
Fox River Grove,1999,428,424
Cary,1999,951,965
Crystal Lake,1999,1501,1493
Woodstock,1999,349,352
Harvard,1999,222,226
McHenry,1999,159,164
Healy,1999,272,262
Grayland,1999,263,262
Mayfair,1999,239,227
Forest Glen,1999,320,288
Edgebrook,1999,578,585
Morton Grove,1999,989,991
Golf,1999,326,291
Glenview,1999,1646,1571
Northbrook,1999,1505,1477
Lake Cook Road,1999,1128,1149
Deerfield,1999,1279,1211
Lake Forest (West),1999,717,753
Libertyville,1999,1118,1130
Grayslake,1999,827,844
Round Lake,1999,534,517
Long Lake,1999,83,83
Ingleside,1999,75,71
Fox Lake,1999,547,564
O'Hare Transfer,1999,83,91
Prospect Heights,1999,228,216
Wheeling,1999,282,247
Buffalo Grove,1999,599,562
Prairie View,1999,232,238
Vernon Hills,1999,272,249
Mundelein,1999,227,221
Prairie Crossing (Libertyville),1999,54,54
Round Lake Beach,1999,130,127
Lake Villa,1999,108,100
Antioch,1999,141,120
Ravenswood,1999,1246,1194
Rogers Park,1999,1072,1030
Main Street (Evanston),1999,933,930
Davis Street (Evanston),1999,1395,1427
Central Street (Evanston),1999,1246,1230
Wilmette,1999,1494,1501
Kenilworth,1999,480,460
Indian Hill,1999,378,404
Winnetka,1999,660,659
Hubbard Woods,1999,441,432
Glencoe,1999,786,766
Braeside,1999,330,322
Ravinia,1999,347,348
Highland Park,1999,1124,1110
Highwood,1999,270,266
Fort Sheridan,1999,276,268
Lake Forest,1999,689,687
Lake Bluff,1999,420,406
Great Lakes,1999,153,148
North Chicago,1999,200,200
Waukegan,1999,925,919
Zion,1999,93,89
Winthrop Harbor,1999,49,49
Kenosha,1999,301,300
Hammond,1999,898,986
East Chicago,1999,1557,1585
Gary / Chicago Airport,1999,164,146
Gary Metro Center,1999,569,544
Miller,1999,412,408
Ogden Dunes,1999,225,260
Dune Park,1999,392,441
Beverly Shores,1999,20,28
11th Street (Michigan City),1999,109,90
Carroll Avenue (Michigan City),1999,148,126
Hudson Lake,1999,2,5
South Bend Airport,1999,133,92
Clyde,1999,64,66
Hermosa,1999,44,57
Cragin,1999,38,41
Stony Island,1997,221,246
Bryn Mawr,1997,265,262
South Shore,1997,445,451
Windsor Park,1997,289,278
Cheltenham (79th Street),1997,172,167
83rd Street,1997,417,423
87th Street,1997,244,253
93rd Street (South Chicago),1997,997,964
Hegewisch,1997,1775,1749
State Street,1997,94,83
Stewart Ridge,1997,84,71
West Pullman,1997,43,45
Racine Avenue,1997,85,84
Ashland Avenue,1997,137,118
Burr Oak,1997,212,212
Blue Island,1997,266,254
Millennium Station,1997,18504,17415
Van Buren Street,1997,7231,8905
Roosevelt Road,1997,433,566
18th Street,1997,21,27
McCormick Place,1997,1000,528
27th Street,1997,117,112
47th Street (Kenwood),1997,93,107
53rd Street (Hyde Park),1997,769,769
55th-56th-57th Street,1997,602,575
59th Street (University of Chicago),1997,1267,1252
63rd Street,1997,95,120
75th Street (Grand Crossing),1997,26,33
79th Street (Chatham),1997,157,143
83rd Street (Avalon Park),1997,97,85
87th Street (Woodruff),1997,76,75
91st Street (Chesterfield),1997,39,27
95th Street (Chicago State University),1997,58,74
103rd Street (Rosemoor),1997,96,66
107th Street,1997,43,31
111th Street,1997,64,50
Kensington (115th Street),1997,1259,1216
Riverdale,1997,533,522
Ivanhoe,1997,1163,1123
147th Street (Sibley Boulevard),1997,1334,1329
Harvey,1997,1266,1238
Hazel Crest,1997,675,681
Calumet,1997,1143,1142
Homewood,1997,1566,1566
Flossmoor,1997,1146,1113
Olympia Fields,1997,206,214
211th Street (Lincoln Highway),1997,1159,1164
Matteson,1997,907,927
Richton Park,1997,1716,1726
University Park,1997,851,861
LaSalle Street,1997,15002,15032
Gresham,1997,650,680
Longwood (95th Street),1997,111,115
Washington Heights,1997,198,207
Blue Island (Vermont Street),1997,1030,988
Robbins,1997,119,143
Midlothian,1997,1135,1145
Oak Forest,1997,1594,1575
Tinley Park,1997,1169,1156
80th Avenue (Tinley Park),1997,1585,1570
Hickory Creek,1997,719,713
Mokena,1997,606,615
New Lenox,1997,861,848
Joliet,1997,651,651
Brainerd,1997,301,268
91st Street (Beverly Hills),1997,608,620
95th Street (Beverly Hills),1997,637,681
99th Street (Beverly Hills),1997,773,706
103rd Street (Beverly Hills),1997,987,939
107th Street (Beverly Hills),1997,544,533
111th Street (Morgan Park),1997,774,786
115th Street (Morgan Park),1997,223,220
119th Street,1997,370,350
123rd Street,1997,81,62
Prairie Street,1997,59,53
Union Station,1997,48579,48930
Wrightwood,1997,174,148
Ashburn,1997,344,367
Oak Lawn,1997,701,716
Chicago Ridge,1997,520,494
Worth,1997,547,489
Palos Park,1997,204,208
143rd Street (Orland Park),1997,249,247
153rd Street (Orland Park),1997,429,418
179th Street (Orland Park),1997,79,76
Summit,1997,62,56
Willow Springs,1997,67,100
Lemont,1997,252,217
Lockport,1997,182,140
Halsted Street,1997,21,34
Western Avenue (18th),1997,94,81
Cicero,1997,208,255
LaVergne,1997,221,227
Berwyn,1997,804,860
Harlem Avenue,1997,676,637
Riverside,1997,492,482
Hollywood,1997,133,106
Brookfield,1997,633,658
Congress Park,1997,126,74
LaGrange Road,1997,1366,1421
Stone Avenue (LaGrange),1997,1153,1057
Western Springs,1997,1081,1101
Highlands,1997,238,238
Hinsdale,1997,1215,1186
West Hinsdale,1997,374,318
Clarendon Hills,1997,902,919
Westmont,1997,1292,1294
Fairview Avenue (Downers Grove),1997,572,520
Main Street (Downers Grove),1997,2205,2195
Belmont,1997,1495,1408
Lisle,1997,2648,2654
Naperville,1997,3516,3567
Route 59,1997,3322,3211
Aurora,1997,1387,1406
Kedzie,1997,44,38
Oak Park (Marion Street),1997,1237,1284
River Forest,1997,375,370
Maywood,1997,95,95
Melrose Park,1997,117,110
Bellwood,1997,196,192
Berkeley,1997,205,207
Elmhurst,1997,1805,1778
Villa Park,1997,1015,1003
Lombard,1997,1285,1240
Glen Ellyn,1997,1949,1914
College Avenue,1997,973,963
Wheaton,1997,1990,1989
Winfield,1997,538,531
West Chicago,1997,518,526
Geneva,1997,1607,1584
Western Avenue (Grand),1997,520,961
Hanson Park,1997,76,75
Galewood,1997,323,322
Mars,1997,117,110
Mont Clare,1997,467,472
Elmwood Park,1997,473,472
River Grove,1997,324,350
Franklin Park,1997,496,483
Mannheim,1997,32,37
Bensenville,1997,501,495
Wood Dale,1997,709,735
Itasca,1997,609,603
Medinah,1997,516,498
Roselle,1997,1628,1645
Schaumburg,1997,1647,1618
Hanover Park,1997,1460,1442
Bartlett,1997,1184,1169
National Street,1997,559,554
Elgin,1997,361,356
Big Timber Road,1997,385,380
Ogilvie Transportation Center,1997,38737,38948
Clybourn,1997,879,1265
Irving Park,1997,376,360
Jefferson Park,1997,706,691
Gladstone Park,1997,111,118
Norwood Park,1997,273,276
Edison Park,1997,541,549
Park Ridge,1997,874,855
Dee Road,1997,389,389
Des Plaines,1997,1111,1067
Cumberland,1997,520,507
Mount Prospect,1997,1754,1727
Arlington Heights,1997,2572,2534
Arlington Park,1997,1980,1936
Palatine,1997,2092,2077
Barrington,1997,1758,1742
Fox River Grove,1997,370,364
Cary,1997,899,886
Crystal Lake,1997,1495,1473
Woodstock,1997,314,341
Harvard,1997,203,220
McHenry,1997,154,137
Healy,1997,259,247
Grayland,1997,213,192
Mayfair,1997,154,176
Forest Glen,1997,239,212
Edgebrook,1997,586,574
Morton Grove,1997,825,823
Golf,1997,309,259
Glenview,1997,1423,1398
Northbrook,1997,1459,1435
Lake Cook Road,1997,740,771
Deerfield,1997,1307,1202
Lake Forest (West),1997,608,615
Libertyville,1997,1089,1107
Grayslake,1997,745,745
Round Lake,1997,498,486
Long Lake,1997,95,95
Ingleside,1997,50,54
Fox Lake,1997,558,551
O'Hare Transfer,1997,68,71
Prospect Heights,1997,192,195
Wheeling,1997,245,217
Buffalo Grove,1997,534,488
Prairie View,1997,217,210
Vernon Hills,1997,231,226
Mundelein,1997,223,213
Prairie Crossing (Libertyville),1997,38,40
Round Lake Beach,1997,111,98
Lake Villa,1997,87,87
Antioch,1997,124,117
Ravenswood,1997,914,844
Rogers Park,1997,977,908
Main Street (Evanston),1997,756,718
Davis Street (Evanston),1997,1322,1390
Central Street (Evanston),1997,1161,1138
Wilmette,1997,1484,1459
Kenilworth,1997,505,468
Indian Hill,1997,375,377
Winnetka,1997,668,694
Hubbard Woods,1997,456,444
Glencoe,1997,774,754
Braeside,1997,247,241
Ravinia,1997,362,362
Highland Park,1997,1133,1157
Highwood,1997,258,250
Fort Sheridan,1997,276,275
Lake Forest,1997,661,632
Lake Bluff,1997,425,423
Great Lakes,1997,118,104
North Chicago,1997,220,216
Waukegan,1997,806,810
Zion,1997,91,86
Winthrop Harbor,1997,47,47
Kenosha,1997,306,316
Hammond,1997,931,922
East Chicago,1997,1544,1608
Gary / Chicago Airport,1997,143,119
Gary Metro Center,1997,543,587
Miller,1997,368,399
Ogden Dunes,1997,244,267
Dune Park,1997,378,419
Beverly Shores,1997,30,18
11th Street (Michigan City),1997,101,85
Carroll Avenue (Michigan City),1997,160,154
Hudson Lake,1997,2,3
South Bend Airport,1997,104,98
Clyde,1997,80,70
Hermosa,1997,53,59
Cragin,1997,53,54
Stony Island,1995,201,195
Bryn Mawr,1995,236,242
South Shore,1995,395,396
Windsor Park,1995,261,284
Cheltenham (79th Street),1995,192,207
83rd Street,1995,415,433
87th Street,1995,260,256
93rd Street (South Chicago),1995,942,949
Hegewisch,1995,1778,1817
State Street,1995,86,73
Stewart Ridge,1995,68,60
West Pullman,1995,57,53
Racine Avenue,1995,76,69
Ashland Avenue,1995,138,137
Burr Oak,1995,251,242
Blue Island,1995,303,300
Millennium Station,1995,18242,16625
Van Buren Street,1995,6928,8507
Roosevelt Road,1995,420,513
18th Street,1995,24,24
McCormick Place,1995,85,86
27th Street,1995,125,183
47th Street (Kenwood),1995,106,113
53rd Street (Hyde Park),1995,691,735
55th-56th-57th Street,1995,609,625
59th Street (University of Chicago),1995,1261,1316
63rd Street,1995,88,124
75th Street (Grand Crossing),1995,23,32
79th Street (Chatham),1995,122,130
83rd Street (Avalon Park),1995,82,75
87th Street (Woodruff),1995,101,87
91st Street (Chesterfield),1995,31,22
95th Street (Chicago State University),1995,41,55
103rd Street (Rosemoor),1995,77,82
107th Street,1995,36,42
111th Street,1995,41,47
Kensington (115th Street),1995,1072,1048
Riverdale,1995,568,563
Ivanhoe,1995,1197,1197
147th Street (Sibley Boulevard),1995,1338,1328
Harvey,1995,1293,1273
Hazel Crest,1995,772,764
Calumet,1995,1124,1077
Homewood,1995,1584,1575
Flossmoor,1995,1286,1258
Olympia Fields,1995,255,243
211th Street (Lincoln Highway),1995,1173,1163
Matteson,1995,937,949
Richton Park,1995,1651,1631
University Park,1995,912,924
LaSalle Street,1995,14867,14774
Gresham,1995,552,580
Longwood (95th Street),1995,134,138
Washington Heights,1995,197,207
Blue Island (Vermont Street),1995,904,889
Robbins,1995,142,125
Midlothian,1995,1262,1212
Oak Forest,1995,1508,1468
Tinley Park,1995,1331,1336
80th Avenue (Tinley Park),1995,1240,1226
Hickory Creek,1995,801,782
Mokena,1995,524,514
New Lenox,1995,823,817
Joliet,1995,615,587
Brainerd,1995,316,347
91st Street (Beverly Hills),1995,716,716
95th Street (Beverly Hills),1995,602,649
99th Street (Beverly Hills),1995,721,746
103rd Street (Beverly Hills),1995,1026,1033
107th Street (Beverly Hills),1995,588,602
111th Street (Morgan Park),1995,796,809
115th Street (Morgan Park),1995,267,268
119th Street,1995,390,393
123rd Street,1995,73,76
Prairie Street,1995,65,63
Union Station,1995,45307,45732
Wrightwood,1995,147,149
Ashburn,1995,322,324
Oak Lawn,1995,713,754
Chicago Ridge,1995,474,491
Worth,1995,480,474
Palos Park,1995,213,211
143rd Street (Orland Park),1995,319,292
153rd Street (Orland Park),1995,290,290
179th Street (Orland Park),1995,67,56
Summit,1995,74,79
Willow Springs,1995,82,79
Lemont,1995,247,235
Lockport,1995,128,119
Halsted Street,1995,22,23
Western Avenue (18th),1995,92,88
Cicero,1995,249,223
LaVergne,1995,227,191
Berwyn,1995,921,951
Harlem Avenue,1995,738,671
Riverside,1995,482,471
Hollywood,1995,174,158
Brookfield,1995,659,662
Congress Park,1995,113,94
LaGrange Road,1995,1388,1410
Stone Avenue (LaGrange),1995,1090,1022
Western Springs,1995,1138,1150
Highlands,1995,269,237
Hinsdale,1995,1231,1205
West Hinsdale,1995,409,356
Clarendon Hills,1995,928,914
Westmont,1995,1290,1232
Fairview Avenue (Downers Grove),1995,553,548
Main Street (Downers Grove),1995,2023,2053
Belmont,1995,1418,1374
Lisle,1995,2390,2374
Naperville,1995,3271,3228
Route 59,1995,2556,2538
Aurora,1995,1184,1160
Kedzie,1995,32,37
Oak Park (Marion Street),1995,1910,1940
River Forest,1995,407,423
Maywood,1995,132,131
Melrose Park,1995,168,162
Bellwood,1995,173,185
Berkeley,1995,201,200
Elmhurst,1995,1768,1764
Villa Park,1995,973,982
Lombard,1995,1211,1225
Glen Ellyn,1995,1844,1828
College Avenue,1995,1031,1014
Wheaton,1995,2027,2044
Winfield,1995,495,486
West Chicago,1995,520,510
Geneva,1995,1623,1604
Western Avenue (Grand),1995,358,594
Hanson Park,1995,53,66
Galewood,1995,347,351
Mars,1995,132,131
Mont Clare,1995,478,497
Elmwood Park,1995,471,467
River Grove,1995,285,293
Franklin Park,1995,547,547
Mannheim,1995,27,21
Bensenville,1995,521,512
Wood Dale,1995,672,660
Itasca,1995,546,530
Medinah,1995,407,386
Roselle,1995,1620,1643
Schaumburg,1995,1569,1581
Hanover Park,1995,1356,1343
Bartlett,1995,1213,1201
National Street,1995,562,548
Elgin,1995,373,359
Big Timber Road,1995,347,334
Ogilvie Transportation Center,1995,39708,39929
Clybourn,1995,999,1227
Irving Park,1995,414,441
Jefferson Park,1995,740,754
Gladstone Park,1995,119,135
Norwood Park,1995,320,328
Edison Park,1995,518,539
Park Ridge,1995,820,796
Dee Road,1995,428,421
Des Plaines,1995,1117,1109
Cumberland,1995,543,557
Mount Prospect,1995,1899,1907
Arlington Heights,1995,2833,2801
Arlington Park,1995,1957,1930
Palatine,1995,1957,1928
Barrington,1995,1831,1799
Fox River Grove,1995,359,342
Cary,1995,973,959
Crystal Lake,1995,1463,1430
Woodstock,1995,357,358
Harvard,1995,235,229
McHenry,1995,162,143
Healy,1995,252,254
Grayland,1995,207,191
Mayfair,1995,136,145
Forest Glen,1995,232,233
Edgebrook,1995,587,581
Morton Grove,1995,772,762
Golf,1995,271,263
Glenview,1995,1423,1404
Northbrook,1995,1546,1541
Deerfield,1995,1765,1740
Lake Forest (West),1995,674,660
Libertyville,1995,1222,1230
Grayslake,1995,691,674
Round Lake,1995,487,471
Long Lake,1995,58,67
Ingleside,1995,27,27
Fox Lake,1995,500,487
Ravenswood,1995,878,789
Rogers Park,1995,877,824
Main Street (Evanston),1995,773,712
Davis Street (Evanston),1995,1208,1251
Central Street (Evanston),1995,1210,1171
Wilmette,1995,1505,1532
Kenilworth,1995,446,437
Indian Hill,1995,372,382
Winnetka,1995,721,718
Hubbard Woods,1995,428,407
Glencoe,1995,770,759
Braeside,1995,275,256
Ravinia,1995,416,390
Highland Park,1995,1118,1058
Highwood,1995,246,245
Fort Sheridan,1995,296,297
Lake Forest,1995,652,625
Lake Bluff,1995,379,372
Great Lakes,1995,110,92
North Chicago,1995,192,187
Waukegan,1995,841,876
Zion,1995,94,90
Winthrop Harbor,1995,57,61
Kenosha,1995,264,267
Load between Hegewisch and Hammond,1995,4255,4165
Clyde,1995,89,94
Hermosa,1995,62,60
Cragin,1995,39,54
Stony Island,1993,210,200
Bryn Mawr,1993,232,248
South Shore,1993,414,375
Windsor Park,1993,274,292
Cheltenham (79th Street),1993,207,190
83rd Street,1993,429,450
87th Street,1993,272,304
93rd Street (South Chicago),1993,1001,1074
Hegewisch,1993,1720,1773
State Street,1993,87,86
Stewart Ridge,1993,67,70
West Pullman,1993,46,43
Racine Avenue,1993,64,66
Ashland Avenue,1993,167,165
Burr Oak,1993,283,278
Blue Island,1993,416,416
Millennium Station,1993,18589,16619
Van Buren Street,1993,7064,8654
Roosevelt Road,1993,475,550
18th Street,1993,27,37
McCormick Place,1993,113,89
27th Street,1993,126,139
47th Street (Kenwood),1993,80,96
53rd Street (Hyde Park),1993,625,677
55th-56th-57th Street,1993,574,601
59th Street (University of Chicago),1993,1216,1141
63rd Street,1993,92,93
75th Street (Grand Crossing),1993,37,30
79th Street (Chatham),1993,144,125
83rd Street (Avalon Park),1993,77,62
87th Street (Woodruff),1993,64,69
91st Street (Chesterfield),1993,36,34
95th Street (Chicago State University),1993,36,44
103rd Street (Rosemoor),1993,76,83
107th Street,1993,39,38
111th Street,1993,48,50
Kensington (115th Street),1993,1148,1132
Riverdale,1993,604,633
Ivanhoe,1993,1286,1306
147th Street (Sibley Boulevard),1993,1435,1423
Harvey,1993,1382,1422
Hazel Crest,1993,802,790
Calumet,1993,1097,1117
Homewood,1993,1623,1622
Flossmoor,1993,1285,1249
Olympia Fields,1993,243,223
211th Street (Lincoln Highway),1993,1126,1181
Matteson,1993,1079,1045
Richton Park,1993,1685,1637
University Park,1993,772,781
LaSalle Street,1993,14877,14766
Gresham,1993,526,534
Longwood (95th Street),1993,127,121
Washington Heights,1993,217,243
Blue Island (Vermont Street),1993,881,953
Robbins,1993,135,122
Midlothian,1993,1183,1210
Oak Forest,1993,1422,1447
Tinley Park,1993,1350,1338
80th Avenue (Tinley Park),1993,1148,1174
Hickory Creek,1993,609,585
Mokena,1993,488,501
New Lenox,1993,732,702
Joliet,1993,480,477
Brainerd,1993,297,292
91st Street (Beverly Hills),1993,714,752
95th Street (Beverly Hills),1993,706,741
99th Street (Beverly Hills),1993,755,744
103rd Street (Beverly Hills),1993,1036,1077
107th Street (Beverly Hills),1993,655,612
111th Street (Morgan Park),1993,940,899
115th Street (Morgan Park),1993,320,315
119th Street,1993,406,403
123rd Street,1993,82,72
Prairie Street,1993,70,70
Union Station,1993,43920,44090
Wrightwood,1993,194,203
Ashburn,1993,372,385
Oak Lawn,1993,727,717
Chicago Ridge,1993,455,439
Worth,1993,413,397
Palos Park,1993,190,196
143rd Street (Orland Park),1993,294,273
153rd Street (Orland Park),1993,224,212
Summit,1993,123,130
Willow Springs,1993,115,120
Lemont,1993,216,213
Lockport,1993,123,123
Halsted Street,1993,24,32
Western Avenue (18th),1993,80,82
Cicero,1993,225,239
LaVergne,1993,276,246
Berwyn,1993,869,901
Harlem Avenue,1993,788,698
Riverside,1993,490,528
Hollywood,1993,123,107
Brookfield,1993,635,666
Congress Park,1993,107,100
LaGrange Road,1993,1360,1418
Stone Avenue (LaGrange),1993,1078,1013
Western Springs,1993,1151,1125
Highlands,1993,223,219
Hinsdale,1993,1163,1124
West Hinsdale,1993,367,315
Clarendon Hills,1993,990,955
Westmont,1993,1275,1247
Fairview Avenue (Downers Grove),1993,604,580
Main Street (Downers Grove),1993,2021,1997
Belmont,1993,1392,1366
Lisle,1993,2280,2335
Naperville,1993,3196,3149
Route 59,1993,2011,2001
Aurora,1993,1033,1026
Kedzie,1993,42,16
Oak Park (Marion Street),1993,1307,1321
River Forest,1993,327,361
Maywood,1993,117,123
Melrose Park,1993,166,149
Bellwood,1993,205,198
Berkeley,1993,201,202
Elmhurst,1993,1730,1671
Villa Park,1993,1055,1037
Lombard,1993,1261,1251
Glen Ellyn,1993,1948,1921
College Avenue,1993,970,953
Wheaton,1993,2188,2174
Winfield,1993,540,542
West Chicago,1993,495,510
Geneva,1993,1370,1364
Western Avenue (Grand),1993,322,758
Hanson Park,1993,49,41
Galewood,1993,343,343
Mars,1993,129,131
Mont Clare,1993,548,498
Elmwood Park,1993,408,378
River Grove,1993,244,251
Franklin Park,1993,506,485
Mannheim,1993,48,68
Bensenville,1993,526,535
Wood Dale,1993,666,683
Itasca,1993,501,512
Medinah,1993,274,282
Roselle,1993,1797,1805
Schaumburg,1993,1363,1338
Hanover Park,1993,1455,1439
Bartlett,1993,1109,1129
National Street,1993,439,414
Elgin,1993,421,428
Big Timber Road,1993,128,132
Ogilvie Transportation Center,1993,39963,40185
Clybourn,1993,854,1147
Irving Park,1993,407,401
Jefferson Park,1993,736,757
Gladstone Park,1993,138,132
Norwood Park,1993,307,318
Edison Park,1993,544,527
Park Ridge,1993,900,882
Dee Road,1993,489,454
Des Plaines,1993,1237,1209
Cumberland,1993,559,575
Mount Prospect,1993,2055,2056
Arlington Heights,1993,3001,2988
Arlington Park,1993,1945,1940
Palatine,1993,2092,2046
Barrington,1993,1859,1829
Fox River Grove,1993,367,367
Cary,1993,853,822
Crystal Lake,1993,1316,1325
Woodstock,1993,365,387
Harvard,1993,181,186
McHenry,1993,179,146
Healy,1993,256,219
Grayland,1993,198,153
Mayfair,1993,136,121
Forest Glen,1993,197,195
Edgebrook,1993,527,507
Morton Grove,1993,710,705
Golf,1993,288,256
Glenview,1993,1425,1448
Northbrook,1993,1612,1571
Deerfield,1993,1676,1668
Lake Forest (West),1993,680,682
Libertyville,1993,1228,1204
Grayslake,1993,509,496
Round Lake,1993,428,433
Long Lake,1993,73,79
Ingleside,1993,39,39
Fox Lake,1993,443,435
Ravenswood,1993,747,688
Rogers Park,1993,924,860
Main Street (Evanston),1993,726,773
Davis Street (Evanston),1993,1124,1177
Central Street (Evanston),1993,1226,1184
Wilmette,1993,1465,1521
Kenilworth,1993,468,442
Indian Hill,1993,372,345
Winnetka,1993,695,716
Hubbard Woods,1993,444,431
Glencoe,1993,789,784
Braeside,1993,292,267
Ravinia,1993,327,299
Highland Park,1993,1171,1176
Highwood,1993,290,255
Fort Sheridan,1993,279,268
Lake Forest,1993,721,714
Lake Bluff,1993,390,386
Great Lakes,1993,186,126
North Chicago,1993,139,149
Waukegan,1993,752,754
Zion,1993,100,104
Winthrop Harbor,1993,34,34
Kenosha,1993,308,313
Load between Hegewisch and Hammond,1993,4085,4257
Clyde,1993,110,117
Hermosa,1993,69,76
Cragin,1993,53,45
Stony Island,1991,263,230
Bryn Mawr,1991,203,269
South Shore,1991,458,429
Windsor Park,1991,353,312
Cheltenham (79th Street),1991,288,278
83rd Street,1991,486,508
87th Street,1991,339,401
93rd Street (South Chicago),1991,1012,1029
Hegewisch,1991,1520,1550
State Street,1991,104,89
Stewart Ridge,1991,86,52
West Pullman,1991,56,48
Racine Avenue,1991,63,85
Ashland Avenue,1991,147,138
Burr Oak,1991,307,282
Blue Island,1991,359,299
Millennium Station,1991,19727,17689
Van Buren Street,1991,6968,8313
Roosevelt Road,1991,335,609
18th Street,1991,12,20
McCormick Place,1991,139,152
27th Street,1991,141,230
47th Street (Kenwood),1991,55,99
53rd Street (Hyde Park),1991,629,798
55th-56th-57th Street,1991,531,563
59th Street (University of Chicago),1991,1115,1046
63rd Street,1991,67,120
75th Street (Grand Crossing),1991,41,26
79th Street (Chatham),1991,105,110
83rd Street (Avalon Park),1991,72,73
87th Street (Woodruff),1991,48,52
91st Street (Chesterfield),1991,32,44
95th Street (Chicago State University),1991,47,70
103rd Street (Rosemoor),1991,91,59
107th Street,1991,54,50
111th Street,1991,53,43
Kensington (115th Street),1991,1188,1161
Riverdale,1991,602,622
Ivanhoe,1991,1213,1246
147th Street (Sibley Boulevard),1991,1609,1543
Harvey,1991,1470,1442
Hazel Crest,1991,817,879
Calumet,1991,1145,1204
Homewood,1991,1715,1678
Flossmoor,1991,1328,1253
Olympia Fields,1991,247,278
211th Street (Lincoln Highway),1991,1129,1140
Matteson,1991,1068,1078
Richton Park,1991,1607,1609
University Park,1991,790,816
LaSalle Street,1991,14730,14404
Gresham,1991,363,389
Longwood (95th Street),1991,120,136
Washington Heights,1991,216,197
Blue Island (Vermont Street),1991,780,895
Robbins,1991,111,105
Midlothian,1991,1218,1322
Oak Forest,1991,1447,1472
Tinley Park,1991,1356,1420
80th Avenue (Tinley Park),1991,1268,1209
Mokena,1991,624,609
New Lenox,1991,646,651
Joliet,1991,503,535
Brainerd,1991,293,286
91st Street (Beverly Hills),1991,645,617
95th Street (Beverly Hills),1991,676,735
99th Street (Beverly Hills),1991,827,850
103rd Street (Beverly Hills),1991,1081,1127
107th Street (Beverly Hills),1991,681,687
111th Street (Morgan Park),1991,1029,1036
115th Street (Morgan Park),1991,338,289
119th Street,1991,484,490
123rd Street,1991,56,53
Prairie Street,1991,85,73
Union Station,1991,42301,42054
Wrightwood,1991,210,202
Ashburn,1991,408,386
Oak Lawn,1991,793,802
Chicago Ridge,1991,447,449
Worth,1991,417,398
Palos Park,1991,188,194
143rd Street (Orland Park),1991,305,288
153rd Street (Orland Park),1991,197,178
Summit,1991,144,160
Willow Springs,1991,134,122
Lemont,1991,245,237
Lockport,1991,92,92
Halsted Street,1991,34,53
Western Avenue (18th),1991,77,131
Cicero,1991,182,171
LaVergne,1991,254,240
Berwyn,1991,811,912
Harlem Avenue,1991,768,727
Riverside,1991,468,485
Hollywood,1991,116,125
Brookfield,1991,618,616
Congress Park,1991,105,109
LaGrange Road,1991,1423,1476
Stone Avenue (LaGrange),1991,1171,1045
Western Springs,1991,1166,1137
Highlands,1991,207,212
Hinsdale,1991,1113,1084
West Hinsdale,1991,340,331
Clarendon Hills,1991,986,971
Westmont,1991,1254,1224
Fairview Avenue (Downers Grove),1991,537,556
Main Street (Downers Grove),1991,2044,2060
Belmont,1991,1410,1435
Lisle,1991,2227,2246
Naperville,1991,3150,3311
Route 59,1991,1740,1728
Aurora,1991,1014,931
Kedzie,1991,44,41
Oak Park (Marion Street),1991,1032,1084
River Forest,1991,292,296
Maywood,1991,88,91
Melrose Park,1991,112,124
Bellwood,1991,196,189
Berkeley,1991,221,240
Elmhurst,1991,1704,1707
Villa Park,1991,1138,1142
Lombard,1991,1123,1140
Glen Ellyn,1991,2070,2045
College Avenue,1991,999,967
Wheaton,1991,2115,2133
Winfield,1991,562,560
West Chicago,1991,485,493
Geneva,1991,1366,1382
Western Avenue (Grand),1991,404,765
Hanson Park,1991,63,50
Galewood,1991,262,277
Mars,1991,117,129
Mont Clare,1991,474,470
Elmwood Park,1991,400,394
River Grove,1991,244,234
Franklin Park,1991,490,441
Mannheim,1991,48,46
Bensenville,1991,447,454
Wood Dale,1991,614,607
Itasca,1991,497,519
Medinah,1991,276,267
Roselle,1991,1760,1729
Schaumburg,1991,1238,1254
Hanover Park,1991,1171,1174
Bartlett,1991,1075,1086
National Street,1991,421,430
Elgin,1991,358,373
Big Timber Road,1991,124,132
Ogilvie Transportation Center,1991,39145,39011
Clybourn,1991,676,1177
Irving Park,1991,257,292
Jefferson Park,1991,583,637
Gladstone Park,1991,97,85
Norwood Park,1991,239,242
Edison Park,1991,402,397
Park Ridge,1991,818,831
Dee Road,1991,403,403
Des Plaines,1991,1146,1131
Cumberland,1991,537,520
Mount Prospect,1991,2073,2077
Arlington Heights,1991,3129,3150
Arlington Park,1991,1829,1820
Palatine,1991,2010,1994
Barrington,1991,1748,1793
Fox River Grove,1991,350,352
Cary,1991,732,732
Crystal Lake,1991,1248,1238
Woodstock,1991,327,319
Harvard,1991,170,172
McHenry,1991,131,125
Healy,1991,216,205
Grayland,1991,119,122
Mayfair,1991,109,109
Forest Glen,1991,155,132
Edgebrook,1991,385,382
Morton Grove,1991,672,701
Golf,1991,267,219
Glenview,1991,1450,1397
Northbrook,1991,1458,1455
Deerfield,1991,1669,1666
Lake Forest (West),1991,522,474
Libertyville,1991,1139,1141
Grayslake,1991,369,353
Round Lake,1991,371,385
Long Lake,1991,93,91
Ingleside,1991,48,47
Fox Lake,1991,433,429
Ravenswood,1991,663,593
Rogers Park,1991,881,865
Main Street (Evanston),1991,820,858
Davis Street (Evanston),1991,1073,1154
Central Street (Evanston),1991,1317,1229
Wilmette,1991,1473,1425
Kenilworth,1991,533,462
Indian Hill,1991,396,338
Winnetka,1991,689,692
Hubbard Woods,1991,470,435
Glencoe,1991,784,779
Braeside,1991,324,286
Ravinia,1991,346,288
Highland Park,1991,1240,1182
Highwood,1991,290,256
Fort Sheridan,1991,338,308
Lake Forest,1991,700,666
Lake Bluff,1991,357,381
Great Lakes,1991,98,93
North Chicago,1991,165,185
Waukegan,1991,780,763
Zion,1991,92,84
Winthrop Harbor,1991,28,27
Kenosha,1991,296,269
Load between Hegewisch and Hammond,1991,4640,4760
Clyde,1991,113,140
Hermosa,1991,74,85
Cragin,1991,44,33
Stony Island,1989,247,288
Bryn Mawr,1989,171,230
South Shore,1989,372,392
Windsor Park,1989,381,330
Cheltenham (79th Street),1989,258,268
83rd Street,1989,511,547
87th Street,1989,377,368
93rd Street (South Chicago),1989,997,1088
Hegewisch,1989,1607,1636
State Street,1989,81,55
Stewart Ridge,1989,90,73
West Pullman,1989,36,40
Racine Avenue,1989,71,61
Ashland Avenue,1989,154,142
Burr Oak,1989,367,365
Blue Island,1989,323,307
Millennium Station,1989,19399,18413
Van Buren Street,1989,7642,8475
Roosevelt Road,1989,297,600
18th Street,1989,20,28
McCormick Place,1989,140,169
27th Street,1989,139,168
47th Street (Kenwood),1989,69,78
53rd Street (Hyde Park),1989,656,693
55th-56th-57th Street,1989,542,557
59th Street (University of Chicago),1989,914,870
63rd Street,1989,33,61
75th Street (Grand Crossing),1989,47,27
79th Street (Chatham),1989,103,111
83rd Street (Avalon Park),1989,67,74
87th Street (Woodruff),1989,65,80
91st Street (Chesterfield),1989,51,38
95th Street (Chicago State University),1989,51,53
103rd Street (Rosemoor),1989,74,68
107th Street,1989,48,46
111th Street,1989,57,56
Kensington (115th Street),1989,1024,1104
Riverdale,1989,661,661
Ivanhoe,1989,1368,1330
147th Street (Sibley Boulevard),1989,1591,1472
Harvey,1989,1546,1571
Hazel Crest,1989,779,793
Calumet,1989,1351,1243
Homewood,1989,1880,1851
Flossmoor,1989,1416,1337
Olympia Fields,1989,310,335
211th Street (Lincoln Highway),1989,1082,1053
Matteson,1989,1372,1316
Richton Park,1989,1680,1522
University Park,1989,782,761
LaSalle Street,1989,15018,15039
Gresham,1989,385,382
Longwood (95th Street),1989,103,114
Washington Heights,1989,138,190
Blue Island (Vermont Street),1989,947,976
Robbins,1989,72,76
Midlothian,1989,1194,1215
Oak Forest,1989,1495,1479
Tinley Park,1989,1397,1350
80th Avenue (Tinley Park),1989,1246,1266
Mokena,1989,561,566
New Lenox,1989,605,614
Joliet,1989,491,504
Brainerd,1989,288,288
91st Street (Beverly Hills),1989,706,689
95th Street (Beverly Hills),1989,769,803
99th Street (Beverly Hills),1989,941,917
103rd Street (Beverly Hills),1989,1205,1185
107th Street (Beverly Hills),1989,754,730
111th Street (Morgan Park),1989,1176,1130
115th Street (Morgan Park),1989,355,359
119th Street,1989,539,493
123rd Street,1989,75,81
Prairie Street,1989,91,102
Union Station,1989,42409,42471
Wrightwood,1989,238,234
Ashburn,1989,424,466
Oak Lawn,1989,813,846
Chicago Ridge,1989,466,451
Worth,1989,413,374
Palos Park,1989,223,193
143rd Street (Orland Park),1989,418,393
Summit,1989,109,108
Willow Springs,1989,142,144
Lemont,1989,239,237
Lockport,1989,100,97
Halsted Street,1989,30,33
Western Avenue (18th),1989,109,110
Cicero,1989,245,245
LaVergne,1989,289,270
Berwyn,1989,867,969
Harlem Avenue,1989,859,748
Riverside,1989,583,584
Hollywood,1989,160,141
Brookfield,1989,688,690
Congress Park,1989,116,142
LaGrange Road,1989,1548,1547
Stone Avenue (LaGrange),1989,1101,994
Western Springs,1989,1118,1099
Highlands,1989,202,223
Hinsdale,1989,1223,1186
West Hinsdale,1989,439,377
Clarendon Hills,1989,1011,1049
Westmont,1989,1273,1308
Fairview Avenue (Downers Grove),1989,562,543
Main Street (Downers Grove),1989,2261,2317
Belmont,1989,1511,1531
Lisle,1989,2222,2151
Naperville,1989,3510,3485
Route 59,1989,1112,1129
Aurora,1989,1056,1133
Kedzie,1989,38,36
Oak Park (Marion Street),1989,841,1052
River Forest,1989,270,300
Maywood,1989,73,79
Melrose Park,1989,146,131
Bellwood,1989,202,184
Berkeley,1989,248,267
Elmhurst,1989,1783,1780
Villa Park,1989,1219,1228
Lombard,1989,1146,1177
Glen Ellyn,1989,2186,2137
College Avenue,1989,946,930
Wheaton,1989,2133,2071
Winfield,1989,525,529
West Chicago,1989,464,471
Geneva,1989,1290,1299
Western Avenue (Grand),1989,355,652
Hanson Park,1989,43,38
Galewood,1989,287,275
Mars,1989,117,115
Mont Clare,1989,464,478
Elmwood Park,1989,436,433
River Grove,1989,238,229
Franklin Park,1989,553,540
Mannheim,1989,38,36
Bensenville,1989,527,544
Wood Dale,1989,708,687
Itasca,1989,491,475
Medinah,1989,249,259
Roselle,1989,1827,1824
Schaumburg,1989,1147,1124
Hanover Park,1989,1150,1122
Bartlett,1989,915,871
National Street,1989,255,279
Elgin,1989,465,488
Big Timber Road,1989,33,32
Ogilvie Transportation Center,1989,38730,39133
Clybourn,1989,687,914
Irving Park,1989,248,249
Jefferson Park,1989,548,572
Gladstone Park,1989,94,92
Norwood Park,1989,244,233
Edison Park,1989,425,404
Park Ridge,1989,917,865
Dee Road,1989,416,444
Des Plaines,1989,1252,1218
Cumberland,1989,604,583
Mount Prospect,1989,2147,2084
Arlington Heights,1989,3179,3117
Arlington Park,1989,1845,1835
Palatine,1989,2104,2042
Barrington,1989,1838,1808
Fox River Grove,1989,321,297
Cary,1989,615,611
Crystal Lake,1989,1105,1081
Woodstock,1989,289,292
Harvard,1989,140,148
McHenry,1989,115,111
Healy,1989,239,247
Grayland,1989,94,103
Mayfair,1989,72,98
Forest Glen,1989,124,113
Edgebrook,1989,337,344
Morton Grove,1989,539,536
Golf,1989,158,164
Glenview,1989,1512,1464
Northbrook,1989,1430,1371
Deerfield,1989,1528,1516
Lake Forest (West),1989,408,383
Libertyville,1989,1080,1061
Grayslake,1989,269,257
Round Lake,1989,406,407
Long Lake,1989,75,67
Ingleside,1989,25,27
Fox Lake,1989,495,479
Ravenswood,1989,562,564
Rogers Park,1989,742,687
Main Street (Evanston),1989,697,731
Davis Street (Evanston),1989,951,961
Central Street (Evanston),1989,1118,1030
Wilmette,1989,1465,1367
Kenilworth,1989,456,448
Indian Hill,1989,395,356
Winnetka,1989,672,666
Hubbard Woods,1989,480,455
Glencoe,1989,841,813
Braeside,1989,295,295
Ravinia,1989,386,371
Highland Park,1989,1166,1135
Highwood,1989,267,258
Fort Sheridan,1989,354,322
Lake Forest,1989,753,705
Lake Bluff,1989,328,340
Great Lakes,1989,109,106
North Chicago,1989,179,179
Waukegan,1989,694,682
Zion,1989,78,85
Winthrop Harbor,1989,17,17
Kenosha,1989,207,208
Hammond,1989,675,654
East Chicago,1989,1580,1592
Gary / Chicago Airport,1989,133,165
Ambridge,1989,17,20
Gary Metro Center,1989,771,817
Miller,1989,303,304
Ogden Dunes,1989,241,212
Dune Acres,1989,19,43
Dune Park,1989,272,271
Beverly Shores,1989,37,43
Willard Ave.,1989,0,2
11th Street (Michigan City),1989,124,143
Carroll Avenue (Michigan City),1989,94,101
Rolling Prairie,1989,1,1
Hudson Lake,1989,1,1
South Bend Airport,1989,79,73
Glenn,1989,80,90
Clyde,1989,128,143
Hermosa,1989,68,74
Cragin,1989,54,48
Stony Island,1987,192,186
Bryn Mawr,1987,153,190
South Shore,1987,338,346
Windsor Park,1987,293,274
Cheltenham (79th Street),1987,236,265
83rd Street,1987,505,562
87th Street,1987,303,339
93rd Street (South Chicago),1987,881,985
Hegewisch,1987,1742,1846
State Street,1987,91,80
Stewart Ridge,1987,64,51
West Pullman,1987,44,67
Racine Avenue,1987,42,37
Ashland Avenue,1987,176,178
Burr Oak,1987,325,339
Blue Island,1987,366,327
Millennium Station,1987,17509,16020
Van Buren Street,1987,7261,8908
Roosevelt Road,1987,302,457
18th Street,1987,11,24
McCormick Place,1987,175,129
27th Street,1987,135,160
47th Street (Kenwood),1987,35,59
53rd Street (Hyde Park),1987,570,580
55th-56th-57th Street,1987,527,548
59th Street (University of Chicago),1987,836,726
63rd Street,1987,120,103
75th Street (Grand Crossing),1987,29,29
79th Street (Chatham),1987,113,98
83rd Street (Avalon Park),1987,48,56
87th Street (Woodruff),1987,57,62
91st Street (Chesterfield),1987,35,41
95th Street (Chicago State University),1987,43,41
103rd Street (Rosemoor),1987,51,61
107th Street,1987,37,35
111th Street,1987,42,52
Kensington (115th Street),1987,862,894
Riverdale,1987,698,722
Ivanhoe,1987,1365,1356
147th Street (Sibley Boulevard),1987,1321,1278
Harvey,1987,1528,1521
Hazel Crest,1987,792,772
Calumet,1987,1052,1020
Homewood,1987,1715,1747
Flossmoor,1987,1514,1443
Olympia Fields,1987,338,351
211th Street (Lincoln Highway),1987,672,634
Matteson,1987,1492,1360
Richton Park,1987,1619,1548
University Park,1987,628,629
LaSalle Street,1987,13248,13637
Gresham,1987,179,191
Longwood (95th Street),1987,91,104
Washington Heights,1987,95,136
Blue Island (Vermont Street),1987,914,853
Robbins,1987,53,107
Midlothian,1987,1133,1129
Oak Forest,1987,1570,1530
Tinley Park,1987,1106,1109
80th Avenue (Tinley Park),1987,1178,1027
Mokena,1987,504,459
New Lenox,1987,562,515
Joliet,1987,456,451
Brainerd,1987,213,214
91st Street (Beverly Hills),1987,604,640
95th Street (Beverly Hills),1987,795,778
99th Street (Beverly Hills),1987,839,823
103rd Street (Beverly Hills),1987,1206,1227
107th Street (Beverly Hills),1987,626,556
111th Street (Morgan Park),1987,946,956
115th Street (Morgan Park),1987,298,255
119th Street,1987,484,431
123rd Street,1987,71,48
Prairie Street,1987,90,90
Union Station,1987,39510,40140
Wrightwood,1987,220,211
Ashburn,1987,322,319
Oak Lawn,1987,704,718
Chicago Ridge,1987,425,425
Worth,1987,335,301
Palos Park,1987,151,137
143rd Street (Orland Park),1987,359,341
Summit,1987,107,94
Willow Springs,1987,136,149
Lemont,1987,239,223
Lockport,1987,79,93
Halsted Street,1987,37,44
Western Avenue (18th),1987,95,102
Cicero,1987,213,212
LaVergne,1987,346,285
Berwyn,1987,882,997
Harlem Avenue,1987,758,686
Riverside,1987,510,521
Hollywood,1987,170,151
Brookfield,1987,705,696
Congress Park,1987,149,149
LaGrange Road,1987,1567,1551
Stone Avenue (LaGrange),1987,1089,961
Western Springs,1987,1121,1175
Highlands,1987,256,253
Hinsdale,1987,1194,1138
West Hinsdale,1987,468,397
Clarendon Hills,1987,1117,1087
Westmont,1987,1268,1322
Fairview Avenue (Downers Grove),1987,612,539
Main Street (Downers Grove),1987,2090,2049
Belmont,1987,1460,1318
Lisle,1987,2150,2333
Naperville,1987,3791,3664
Aurora,1987,985,976
Kedzie,1987,31,47
Oak Park (Marion Street),1987,566,656
River Forest,1987,192,191
Maywood,1987,115,111
Melrose Park,1987,143,135
Bellwood,1987,214,178
Berkeley,1987,246,256
Elmhurst,1987,1787,1739
Villa Park,1987,1328,1272
Lombard,1987,1385,1397
Glen Ellyn,1987,2280,2144
College Avenue,1987,993,964
Wheaton,1987,2132,2102
Winfield,1987,546,488
West Chicago,1987,474,504
Geneva,1987,1124,1134
Western Avenue (Grand),1987,223,242
Hanson Park,1987,42,44
Galewood,1987,244,249
Mars,1987,114,94
Mont Clare,1987,427,464
Elmwood Park,1987,483,492
River Grove,1987,222,224
Franklin Park,1987,533,546
Mannheim,1987,31,48
Bensenville,1987,448,472
Wood Dale,1987,579,566
Itasca,1987,481,483
Medinah,1987,265,298
Roselle,1987,1736,1795
Schaumburg,1987,961,950
Hanover Park,1987,855,849
Bartlett,1987,805,834
National Street,1987,183,206
Elgin,1987,463,476
Big Timber Road,1987,41,22
Ogilvie Transportation Center,1987,37522,38425
Clybourn,1987,486,487
Irving Park,1987,225,229
Jefferson Park,1987,537,580
Gladstone Park,1987,67,78
Norwood Park,1987,170,207
Edison Park,1987,360,349
Park Ridge,1987,801,761
Dee Road,1987,432,436
Des Plaines,1987,1159,1069
Cumberland,1987,546,591
Mount Prospect,1987,2253,2243
Arlington Heights,1987,2953,2875
Arlington Park,1987,1834,1740
Palatine,1987,1919,1837
Barrington,1987,1945,1842
Fox River Grove,1987,228,280
Cary,1987,516,511
Crystal Lake,1987,1084,1130
Woodstock,1987,308,256
Harvard,1987,112,156
McHenry,1987,199,124
Healy,1987,227,215
Grayland,1987,83,95
Mayfair,1987,78,105
Forest Glen,1987,102,97
Edgebrook,1987,328,307
Morton Grove,1987,583,571
Golf,1987,181,170
Glenview,1987,1546,1490
Northbrook,1987,1361,1247
Deerfield,1987,1447,1374
Lake Forest (West),1987,325,310
Libertyville,1987,1010,944
Grayslake,1987,294,286
Round Lake,1987,356,358
Long Lake,1987,59,52
Ingleside,1987,23,25
Fox Lake,1987,445,455
Ravenswood,1987,511,431
Rogers Park,1987,611,685
Main Street (Evanston),1987,667,658
Davis Street (Evanston),1987,787,817
Central Street (Evanston),1987,1039,1016
Wilmette,1987,1375,1375
Kenilworth,1987,532,491
Indian Hill,1987,407,365
Winnetka,1987,671,711
Hubbard Woods,1987,502,459
Glencoe,1987,873,842
Braeside,1987,313,310
Ravinia,1987,366,345
Highland Park,1987,1155,1100
Highwood,1987,261,250
Fort Sheridan,1987,394,334
Lake Forest,1987,729,707
Lake Bluff,1987,374,348
Great Lakes,1987,96,102
North Chicago,1987,145,148
Waukegan,1987,644,649
Zion,1987,85,83
Winthrop Harbor,1987,24,23
Kenosha,1987,208,208
Load between Hegewisch and Hammond,1987,3756,3503
Glenn,1987,93,99
Lockport/5th,1987,17,20
Clyde,1987,129,114
Hermosa,1987,79,72
Cragin,1987,61,61
Stony Island,1985,182,240
Bryn Mawr,1985,190,254
South Shore,1985,387,393
Windsor Park,1985,378,361
Cheltenham (79th Street),1985,284,306
83rd Street,1985,475,541
87th Street,1985,272,334
93rd Street (South Chicago),1985,715,865
Hegewisch,1985,1407,1604
State Street,1985,81,70
Stewart Ridge,1985,68,71
West Pullman,1985,66,66
Racine Avenue,1985,32,48
Ashland Avenue,1985,123,165
Burr Oak,1985,279,290
Blue Island,1985,336,342
Millennium Station,1985,17815,15741
Van Buren Street,1985,6522,7751
Roosevelt Road,1985,525,485
18th Street,1985,27,27
McCormick Place,1985,199,208
27th Street,1985,120,148
47th Street (Kenwood),1985,31,55
53rd Street (Hyde Park),1985,641,674
55th-56th-57th Street,1985,478,598
59th Street (University of Chicago),1985,816,546
63rd Street,1985,87,82
75th Street (Grand Crossing),1985,24,24
79th Street (Chatham),1985,65,93
83rd Street (Avalon Park),1985,57,53
87th Street (Woodruff),1985,41,55
91st Street (Chesterfield),1985,38,43
95th Street (Chicago State University),1985,24,45
103rd Street (Rosemoor),1985,27,51
107th Street,1985,32,32
111th Street,1985,48,93
Kensington (115th Street),1985,796,775
Riverdale,1985,794,841
Ivanhoe,1985,1570,1708
147th Street (Sibley Boulevard),1985,1123,1268
Harvey,1985,1574,1770
Hazel Crest,1985,740,749
Calumet,1985,944,931
Homewood,1985,1625,1625
Flossmoor,1985,1552,1485
Olympia Fields,1985,405,380
211th Street (Lincoln Highway),1985,589,587
Matteson,1985,1295,1188
Richton Park,1985,1586,1404
University Park,1985,475,564
LaSalle Street,1985,11464,11628
Gresham,1985,81,85
Longwood (95th Street),1985,54,49
Washington Heights,1985,74,89
Blue Island (Vermont Street),1985,739,780
Robbins,1985,60,49
Midlothian,1985,1025,947
Oak Forest,1985,1299,1263
Tinley Park,1985,967,964
80th Avenue (Tinley Park),1985,759,685
Mokena,1985,371,356
New Lenox,1985,360,360
Joliet,1985,345,482
Brainerd,1985,262,157
91st Street (Beverly Hills),1985,561,547
95th Street (Beverly Hills),1985,760,818
99th Street (Beverly Hills),1985,767,790
103rd Street (Beverly Hills),1985,1216,1202
107th Street (Beverly Hills),1985,494,474
111th Street (Morgan Park),1985,862,850
115th Street (Morgan Park),1985,227,197
119th Street,1985,499,455
123rd Street,1985,70,117
Prairie Street,1985,82,80
Union Station,1985,35968,36783
Wrightwood,1985,138,138
Ashburn,1985,299,298
Oak Lawn,1985,486,477
Chicago Ridge,1985,257,253
Worth,1985,234,232
Palos Park,1985,111,98
143rd Street (Orland Park),1985,151,134
Summit,1985,73,76
Willow Springs,1985,96,41
Lemont,1985,171,139
Lockport,1985,67,59
Halsted Street,1985,52,70
Western Avenue (18th),1985,115,114
Cicero,1985,232,224
LaVergne,1985,267,239
Berwyn,1985,803,911
Harlem Avenue,1985,718,564
Riverside,1985,570,562
Hollywood,1985,147,182
Brookfield,1985,691,651
Congress Park,1985,168,145
LaGrange Road,1985,1529,1469
Stone Avenue (LaGrange),1985,985,1014
Western Springs,1985,1151,1062
Highlands,1985,231,207
Hinsdale,1985,1196,1115
West Hinsdale,1985,411,408
Clarendon Hills,1985,1032,951
Westmont,1985,1314,1293
Fairview Avenue (Downers Grove),1985,635,576
Main Street (Downers Grove),1985,2051,2001
Belmont,1985,1400,1300
Lisle,1985,2219,2256
Naperville,1985,3251,3177
Aurora,1985,905,964
Kedzie,1985,33,46
Oak Park (Marion Street),1985,374,535
River Forest,1985,146,84
Maywood,1985,96,94
Melrose Park,1985,112,137
Bellwood,1985,225,228
Berkeley,1985,207,205
Elmhurst,1985,1635,1691
Villa Park,1985,1206,1265
Lombard,1985,1360,1270
Glen Ellyn,1985,1999,1937
College Avenue,1985,838,843
Wheaton,1985,1901,1820
Winfield,1985,465,373
West Chicago,1985,386,359
Geneva,1985,955,978
Western Avenue (Grand),1985,296,297
Hanson Park,1985,63,69
Galewood,1985,212,209
Mars,1985,80,72
Mont Clare,1985,313,319
Elmwood Park,1985,521,492
River Grove,1985,254,246
Franklin Park,1985,464,475
Mannheim,1985,45,49
Bensenville,1985,476,510
Wood Dale,1985,563,566
Itasca,1985,565,543
Medinah,1985,215,283
Roselle,1985,1621,1619
Schaumburg,1985,693,648
Hanover Park,1985,765,768
Bartlett,1985,712,764
National Street,1985,222,227
Elgin,1985,495,409
Ogilvie Transportation Center,1985,33259,34143
Clybourn,1985,385,375
Irving Park,1985,196,193
Jefferson Park,1985,434,433
Gladstone Park,1985,81,63
Norwood Park,1985,195,193
Edison Park,1985,328,344
Park Ridge,1985,850,772
Dee Road,1985,373,345
Des Plaines,1985,1141,1052
Cumberland,1985,567,583
Mount Prospect,1985,2220,2091
Arlington Heights,1985,2727,2646
Arlington Park,1985,1479,1505
Palatine,1985,1586,1541
Barrington,1985,1631,1604
Fox River Grove,1985,195,238
Cary,1985,478,433
Crystal Lake,1985,954,997
Woodstock,1985,183,224
Harvard,1985,104,105
McHenry,1985,74,84
Healy,1985,244,208
Grayland,1985,109,115
Mayfair,1985,66,74
Forest Glen,1985,75,86
Edgebrook,1985,266,243
Morton Grove,1985,538,499
Golf,1985,143,151
Glenview,1985,1329,1351
Northbrook,1985,1406,1354
Deerfield,1985,1439,1326
Lake Forest (West),1985,249,278
Libertyville,1985,817,845
Grayslake,1985,229,238
Round Lake,1985,333,330
Long Lake,1985,62,55
Ingleside,1985,22,24
Fox Lake,1985,457,450
Ravenswood,1985,353,311
Rogers Park,1985,511,488
Main Street (Evanston),1985,556,580
Davis Street (Evanston),1985,709,682
Central Street (Evanston),1985,845,833
Wilmette,1985,1245,1247
Kenilworth,1985,470,418
Indian Hill,1985,349,321
Winnetka,1985,656,658
Hubbard Woods,1985,480,452
Glencoe,1985,809,716
Braeside,1985,286,272
Ravinia,1985,339,310
Highland Park,1985,1204,1132
Highwood,1985,236,213
Fort Sheridan,1985,313,324
Lake Forest,1985,715,647
Lake Bluff,1985,302,302
Great Lakes,1985,93,88
North Chicago,1985,158,178
Waukegan,1985,614,630
Zion,1985,67,74
Winthrop Harbor,1985,18,21
Kenosha,1985,169,149
Load between Hegewisch and Hammond,1985,3456,3387
"99th Street, Longwood",1985,25,26
Glenn,1985,72,78
Lockport/5th,1985,14,32
Clyde,1985,116,150
Hermosa,1985,90,107
Cragin,1985,104,110
Abbott Platform,1985,20,20
Stony Island,1983,175,165
Bryn Mawr,1983,153,209
South Shore,1983,349,379
Windsor Park,1983,266,304
Cheltenham (79th Street),1983,232,235
83rd Street,1983,417,453
87th Street,1983,211,258
93rd Street (South Chicago),1983,635,744
Hegewisch,1983,1042,1089
State Street,1983,51,66
Stewart Ridge,1983,48,48
West Pullman,1983,57,51
Racine Avenue,1983,41,32
Ashland Avenue,1983,166,156
Burr Oak,1983,350,363
Blue Island,1983,393,356
Millennium Station,1983,15292,12813
Van Buren Street,1983,5866,7444
Roosevelt Road,1983,410,484
18th Street,1983,19,19
McCormick Place,1983,171,222
27th Street,1983,77,103
47th Street (Kenwood),1983,18,43
53rd Street (Hyde Park),1983,427,518
55th-56th-57th Street,1983,676,650
59th Street (University of Chicago),1983,513,426
63rd Street,1983,139,97
75th Street (Grand Crossing),1983,61,30
79th Street (Chatham),1983,70,83
83rd Street (Avalon Park),1983,46,43
87th Street (Woodruff),1983,41,39
91st Street (Chesterfield),1983,30,26
95th Street (Chicago State University),1983,17,30
103rd Street (Rosemoor),1983,17,27
107th Street,1983,18,26
111th Street,1983,46,44
Kensington (115th Street),1983,878,810
Riverdale,1983,747,780
Ivanhoe,1983,1529,1600
147th Street (Sibley Boulevard),1983,990,970
Harvey,1983,1229,1393
Hazel Crest,1983,610,602
Calumet,1983,764,765
Homewood,1983,1602,1666
Flossmoor,1983,1273,1341
Olympia Fields,1983,265,273
211th Street (Lincoln Highway),1983,796,958
Matteson,1983,1080,910
Richton Park,1983,1140,1247
University Park,1983,411,457
LaSalle Street,1983,10286,10115
Gresham,1983,49,76
Longwood (95th Street),1983,27,43
Washington Heights,1983,80,60
Blue Island (Vermont Street),1983,679,652
Robbins,1983,27,36
Midlothian,1983,864,865
Oak Forest,1983,1019,1076
Tinley Park,1983,910,887
80th Avenue (Tinley Park),1983,632,665
Mokena,1983,382,370
New Lenox,1983,301,292
Joliet,1983,299,278
Brainerd,1983,123,101
91st Street (Beverly Hills),1983,478,480
95th Street (Beverly Hills),1983,722,812
99th Street (Beverly Hills),1983,614,688
103rd Street (Beverly Hills),1983,1085,1151
107th Street (Beverly Hills),1983,435,413
111th Street (Morgan Park),1983,766,753
115th Street (Morgan Park),1983,215,185
119th Street,1983,424,405
123rd Street,1983,65,55
Prairie Street,1983,79,87
Union Station,1983,32834,33444
Wrightwood,1983,130,128
Ashburn,1983,244,239
Oak Lawn,1983,443,435
Chicago Ridge,1983,227,223
Worth,1983,204,201
Palos Park,1983,63,62
143rd Street (Orland Park),1983,135,133
Summit,1983,44,54
Willow Springs,1983,84,72
Lemont,1983,130,135
Lockport,1983,55,60
Halsted Street,1983,36,63
Western Avenue (18th),1983,116,159
Cicero,1983,276,332
LaVergne,1983,235,209
Berwyn,1983,852,899
Harlem Avenue,1983,680,591
Riverside,1983,531,517
Hollywood,1983,152,143
Brookfield,1983,708,712
Congress Park,1983,129,128
LaGrange Road,1983,1496,1413
Stone Avenue (LaGrange),1983,1017,978
Western Springs,1983,1022,990
Highlands,1983,210,219
Hinsdale,1983,1155,1096
West Hinsdale,1983,338,355
Clarendon Hills,1983,1078,997
Westmont,1983,1305,1263
Fairview Avenue (Downers Grove),1983,598,481
Main Street (Downers Grove),1983,1830,1816
Belmont,1983,1204,1172
Lisle,1983,2330,2176
Naperville,1983,2571,2399
Aurora,1983,834,837
Kedzie,1983,42,56
Oak Park (Marion Street),1983,344,430
River Forest,1983,127,104
Maywood,1983,87,71
Melrose Park,1983,101,120
Bellwood,1983,248,228
Berkeley,1983,201,204
Elmhurst,1983,1521,1476
Villa Park,1983,1289,1249
Lombard,1983,1418,1317
Glen Ellyn,1983,1971,1951
College Avenue,1983,838,834
Wheaton,1983,1770,1864
Winfield,1983,341,367
West Chicago,1983,371,383
Geneva,1983,872,928
Western Avenue (Grand),1983,294,270
Hanson Park,1983,54,58
Galewood,1983,202,198
Mars,1983,75,77
Mont Clare,1983,314,349
Elmwood Park,1983,466,502
River Grove,1983,222,198
Franklin Park,1983,446,453
Mannheim,1983,49,51
Bensenville,1983,439,444
Wood Dale,1983,497,518
Itasca,1983,444,431
Medinah,1983,194,275
Roselle,1983,1455,1362
Schaumburg,1983,480,494
Hanover Park,1983,738,720
Bartlett,1983,669,735
National Street,1983,132,143
Elgin,1983,390,385
Ogilvie Transportation Center,1983,32943,33482
Clybourn,1983,382,413
Irving Park,1983,175,179
Jefferson Park,1983,441,486
Gladstone Park,1983,81,87
Norwood Park,1983,218,215
Edison Park,1983,383,366
Park Ridge,1983,908,859
Dee Road,1983,397,361
Des Plaines,1983,1145,1188
Cumberland,1983,685,641
Mount Prospect,1983,2146,2134
Arlington Heights,1983,2764,2701
Arlington Park,1983,1430,1417
Palatine,1983,1632,1543
Barrington,1983,1564,1527
Fox River Grove,1983,209,203
Cary,1983,457,451
Crystal Lake,1983,907,907
Woodstock,1983,166,165
Harvard,1983,84,101
McHenry,1983,101,101
Healy,1983,226,215
Grayland,1983,78,81
Mayfair,1983,53,66
Forest Glen,1983,73,78
Edgebrook,1983,197,191
Morton Grove,1983,451,443
Golf,1983,131,127
Glenview,1983,1218,1181
Northbrook,1983,1213,1243
Deerfield,1983,1185,1204
Lake Forest (West),1983,193,183
Libertyville,1983,702,718
Grayslake,1983,196,196
Round Lake,1983,317,329
Long Lake,1983,45,43
Ingleside,1983,15,27
Fox Lake,1983,405,428
Ravenswood,1983,307,305
Rogers Park,1983,464,468
Main Street (Evanston),1983,481,529
Davis Street (Evanston),1983,565,569
Central Street (Evanston),1983,771,759
Wilmette,1983,1175,1120
Kenilworth,1983,444,433
Indian Hill,1983,356,326
Winnetka,1983,673,635
Hubbard Woods,1983,511,450
Glencoe,1983,748,717
Braeside,1983,301,285
Ravinia,1983,366,292
Highland Park,1983,970,963
Highwood,1983,230,209
Fort Sheridan,1983,311,300
Lake Forest,1983,644,632
Lake Bluff,1983,307,281
Great Lakes,1983,76,69
North Chicago,1983,175,161
Waukegan,1983,553,577
Zion,1983,81,85
Winthrop Harbor,1983,21,10
Kenosha,1983,142,146
Load between Hegewisch and Hammond,1983,3091,3102
67th St.,1983,24,2
"99th Street, Longwood",1983,24,23
Givens,1983,27,44
Western Avenue,1983,19,21
Halsted Street,1983,2,0
Brighton Park,1983,3,4
Glenn,1983,51,60
Lockport/5th,1983,26,11
Clyde,1983,131,157
Hermosa,1983,101,105
Cragin,1983,111,93
Hartland,1983,7,5
Rondout,1983,17,17
Wilson Road,1983,14,14
Abbott Platform,1983,14,17
Stony Island,1979,160,0
Bryn Mawr,1979,245,0
South Shore,1979,448,0
Windsor Park,1979,375,0
Cheltenham (79th Street),1979,372,0
83rd Street,1979,539,0
87th Street,1979,321,0
93rd Street (South Chicago),1979,912,0
State Street,1979,129,0
Stewart Ridge,1979,121,0
West Pullman,1979,121,0
Racine Avenue,1979,98,0
Ashland Avenue,1979,292,0
Burr Oak,1979,480,0
Blue Island,1979,544,0
Millennium Station,1979,16519,0
Van Buren Street,1979,6942,0
Roosevelt Road,1979,649,0
18th Street,1979,48,0
McCormick Place,1979,333,0
27th Street,1979,137,0
47th Street (Kenwood),1979,39,0
53rd Street (Hyde Park),1979,928,0
55th-56th-57th Street,1979,796,0
59th Street (University of Chicago),1979,1152,0
63rd Street,1979,124,0
75th Street (Grand Crossing),1979,23,0
79th Street (Chatham),1979,77,0
83rd Street (Avalon Park),1979,139,0
87th Street (Woodruff),1979,62,0
91st Street (Chesterfield),1979,53,0
95th Street (Chicago State University),1979,39,0
103rd Street (Rosemoor),1979,72,0
107th Street,1979,33,0
111th Street,1979,76,0
Kensington (115th Street),1979,1079,0
Riverdale,1979,935,0
Ivanhoe,1979,1855,0
147th Street (Sibley Boulevard),1979,1369,0
Harvey,1979,2166,0
Hazel Crest,1979,809,0
Calumet,1979,850,0
Homewood,1979,2367,0
Flossmoor,1979,1786,0
Olympia Fields,1979,280,0
211th Street (Lincoln Highway),1979,1706,0
Matteson,1979,1057,0
Richton Park,1979,1690,0
University Park,1979,711,0
LaSalle Street,1979,12704,0
Gresham,1979,76,0
Longwood (95th Street),1979,61,0
Washington Heights,1979,61,0
Blue Island (Vermont Street),1979,920,0
Robbins,1979,48,0
Midlothian,1979,894,0
Oak Forest,1979,1138,0
Tinley Park,1979,1213,0
80th Avenue (Tinley Park),1979,616,0
Mokena,1979,371,0
New Lenox,1979,313,0
Joliet,1979,503,0
Brainerd,1979,311,0
91st Street (Beverly Hills),1979,627,0
95th Street (Beverly Hills),1979,1039,0
99th Street (Beverly Hills),1979,730,0
103rd Street (Beverly Hills),1979,1432,0
107th Street (Beverly Hills),1979,447,0
111th Street (Morgan Park),1979,1030,0
115th Street (Morgan Park),1979,329,0
119th Street,1979,437,0
123rd Street,1979,131,0
Prairie Street,1979,113,0
Union Station,1979,43231,0
Wrightwood,1979,141,0
Ashburn,1979,339,0
Oak Lawn,1979,605,0
Chicago Ridge,1979,226,0
Worth,1979,213,0
Palos Park,1979,111,0
143rd Street (Orland Park),1979,237,0
Summit,1979,58,0
Willow Springs,1979,82,0
Lemont,1979,122,0
Lockport,1979,65,0
Halsted Street,1979,73,0
Western Avenue (18th),1979,285,0
Cicero,1979,558,0
LaVergne,1979,271,0
Berwyn,1979,1097,0
Harlem Avenue,1979,659,0
Riverside,1979,658,0
Hollywood,1979,207,0
Brookfield,1979,858,0
Congress Park,1979,151,0
LaGrange Road,1979,1816,0
Stone Avenue (LaGrange),1979,1334,0
Western Springs,1979,1329,0
Highlands,1979,281,0
Hinsdale,1979,1280,0
West Hinsdale,1979,393,0
Clarendon Hills,1979,1120,0
Westmont,1979,1554,0
Fairview Avenue (Downers Grove),1979,724,0
Main Street (Downers Grove),1979,2529,0
Belmont,1979,1498,0
Lisle,1979,2494,0
Naperville,1979,3033,0
Aurora,1979,1031,0
Kedzie,1979,91,0
Oak Park (Marion Street),1979,479,0
River Forest,1979,131,0
Maywood,1979,117,0
Melrose Park,1979,173,0
Bellwood,1979,338,0
Berkeley,1979,254,0
Elmhurst,1979,2068,0
Villa Park,1979,1562,0
Lombard,1979,1686,0
Glen Ellyn,1979,2506,0
College Avenue,1979,975,0
Wheaton,1979,2167,0
Winfield,1979,369,0
West Chicago,1979,499,0
Geneva,1979,1126,0
Western Avenue (Grand),1979,581,0
Hanson Park,1979,159,0
Galewood,1979,333,0
Mars,1979,158,0
Mont Clare,1979,439,0
Elmwood Park,1979,772,0
River Grove,1979,382,0
Franklin Park,1979,791,0
Mannheim,1979,68,0
Bensenville,1979,802,0
Wood Dale,1979,698,0
Itasca,1979,655,0
Medinah,1979,294,0
Roselle,1979,2571,0
Hanover Park,1979,1329,0
Bartlett,1979,1166,0
National Street,1979,362,0
Elgin,1979,597,0
Ogilvie Transportation Center,1979,44694,0
Clybourn,1979,1078,0
Irving Park,1979,345,0
Jefferson Park,1979,804,0
Gladstone Park,1979,106,0
Norwood Park,1979,458,0
Edison Park,1979,685,0
Park Ridge,1979,1639,0
Dee Road,1979,621,0
Des Plaines,1979,2091,0
Cumberland,1979,981,0
Mount Prospect,1979,2933,0
Arlington Heights,1979,3851,0
Arlington Park,1979,1969,0
Palatine,1979,2343,0
Barrington,1979,2217,0
Fox River Grove,1979,287,0
Cary,1979,619,0
Crystal Lake,1979,1173,0
Woodstock,1979,342,0
Harvard,1979,136,0
McHenry,1979,164,0
Healy,1979,448,0
Grayland,1979,171,0
Mayfair,1979,135,0
Forest Glen,1979,158,0
Edgebrook,1979,394,0
Morton Grove,1979,752,0
Golf,1979,227,0
Glenview,1979,1874,0
Northbrook,1979,1681,0
Deerfield,1979,1722,0
Lake Forest (West),1979,265,0
Libertyville,1979,1084,0
Grayslake,1979,344,0
Round Lake,1979,518,0
Long Lake,1979,78,0
Ingleside,1979,33,0
Fox Lake,1979,675,0
Ravenswood,1979,562,0
Rogers Park,1979,724,0
Main Street (Evanston),1979,845,0
Davis Street (Evanston),1979,1110,0
Central Street (Evanston),1979,1068,0
Wilmette,1979,1483,0
Kenilworth,1979,700,0
Indian Hill,1979,488,0
Winnetka,1979,921,0
Hubbard Woods,1979,553,0
Glencoe,1979,903,0
Braeside,1979,387,0
Ravinia,1979,432,0
Highland Park,1979,1417,0
Highwood,1979,368,0
Fort Sheridan,1979,401,0
Lake Forest,1979,999,0
Lake Bluff,1979,348,0
Great Lakes,1979,119,0
North Chicago,1979,227,0
Waukegan,1979,876,0
Zion,1979,130,0
Winthrop Harbor,1979,13,0
Kenosha,1979,267,0
67th St.,1979,27,0
"99th Street, Longwood",1979,52,0
Givens,1979,46,0
Western Avenue,1979,16,0
Halsted Street,1979,4,0
Brighton Park,1979,15,0
Glenn,1979,106,0
Lockport/5th,1979,19,0
Clyde,1979,208,0
Hermosa,1979,228,0
Cragin,1979,232,0
Hartland,1979,2,0
Ringwood,1979,8,0
Richmond,1979,9,0
Rondout,1979,36,0
Wilson Road,1979,19,0
Spring Grove,1979,2,0
Solon Mills,1979,3,0
"Zenda, Wisconsin",1979,12,0
"Walworth, Wisconsin",1979,12,0
